date,daily,male,female,others,Total dose 1,Total dose 2,Total Precuation dose,covishield,covaxin,sputnik,zycov,corbevax,covovax,gemcovacc,gemcovacc_om,total
2021-03-08,6783,22228,33426,2,0,0,0,51606,4048,0,0,0,0,0,0,55656
2021-03-09,6224,25201,36674,5,47194,14686,0,57642,4236,0,0,0,0,0,0,61880
2021-03-10,1728,25946,37657,5,48461,15147,0,59310,4296,0,0,0,0,0,0,63608
2021-03-11,2946,27153,39396,5,50778,15776,0,62256,4296,0,0,0,0,0,0,66554
2021-03-12,7792,30685,43656,5,58228,16118,0,70048,4296,0,0,0,0,0,0,74346
2021-03-13,4139,32617,45864,5,61963,16523,0,73877,4607,0,0,0,0,0,0,78486
2021-03-14,16,32624,45873,5,61979,16523,0,73893,4607,0,0,0,0,0,0,78502
2021-03-15,8151,36507,50140,6,69817,16836,0,81842,4809,0,0,0,0,0,0,86653
2021-03-16,8118,39332,52729,8,92069,17320,0,103914,5475,0,0,0,0,0,0,92069
2021-03-17,3701,51246,64573,10,115829,17373,0,127681,5521,0,0,0,0,0,0,115829
2021-03-18,9221,55451,69248,12,124711,17813,0,136588,5936,0,0,0,0,0,0,124711
2021-03-19,9171,59787,74054,12,133853,17950,0,145848,5955,0,0,0,0,0,0,133853
2021-03-20,8833,63892,78712,13,142617,18628,0,154405,6840,0,0,0,0,0,0,142617
2021-03-21,33,64041,78877,13,142931,18642,0,154697,6876,0,0,0,0,0,0,142931
2021-03-22,10225,68707,84382,18,153107,18691,0,164905,6893,0,0,0,0,0,0,153107
2021-03-23,10598,73731,90474,21,164226,19223,0,175938,7511,0,0,0,0,0,0,164226
2021-03-24,5456,76223,93384,22,169629,19278,0,181340,7567,0,0,0,0,0,0,169629
2021-03-25,9309,80296,98303,24,178623,19810,0,190474,7959,0,0,0,0,0,0,178623
2021-03-26,7908,83826,102553,26,186405,19992,0,198440,7957,0,0,0,0,0,0,186405
2021-03-27,6426,86559,106077,26,192662,20242,0,204814,8090,0,0,0,0,0,0,192662
2021-03-28,0,86564,106083,26,192673,20249,0,204832,8090,0,0,0,0,0,0,192673
2021-03-29,8334,90217,110648,29,200894,20403,0,213209,8088,0,0,0,0,0,0,200894
2021-03-30,5694,92605,113765,30,206400,20802,0,218937,8265,0,0,0,0,0,0,206400
2021-03-31,3048,93843,115267,30,209140,21229,0,221984,8385,0,0,0,0,0,0,209140
2021-04-01,3466,95303,117145,30,212478,21434,0,225515,8397,0,0,0,0,0,0,212478
2021-04-02,2008,96320,118447,30,214797,21601,0,228002,8396,0,0,0,0,0,0,214797
2021-04-03,5506,98554,121701,31,220286,22040,0,233861,8465,0,0,0,0,0,0,220286
2021-04-04,21,98971,122294,31,221296,22125,0,234934,8487,0,0,0,0,0,0,221296
2021-04-05,5164,100874,125257,31,226162,22509,0,240186,8485,0,0,0,0,0,0,226162
2021-04-06,319,101328,125969,31,227328,22636,0,241479,8485,0,0,0,0,0,0,227328
2021-04-07,3147,102741,127945,31,230717,23002,0,245235,8484,0,0,0,0,0,0,230717
2021-04-08,9760,106384,133836,31,240251,23926,0,255459,8718,0,0,0,0,0,0,240251
2021-04-09,10850,110201,139905,32,250138,25105,0,266469,8774,0,0,0,0,0,0,250138
2021-04-10,7325,112946,143938,32,256916,25884,0,273929,8871,0,0,0,0,0,0,256916
2021-04-11,462,113195,144258,32,257485,25947,0,274537,8895,0,0,0,0,0,0,257485
2021-04-12,14652,118207,152224,33,270464,27788,0,288898,9354,0,0,0,0,0,0,270464
2021-04-13,11914,122308,158174,33,280515,29861,0,300702,9674,0,0,0,0,0,0,280515
2021-04-14,2106,123259,159422,34,282715,30539,0,303448,9806,0,0,0,0,0,0,282715
2021-04-15,13333,127418,165748,35,293201,33915,0,317194,9922,0,0,0,0,0,0,293201
2021-04-16,13990,131724,171804,38,303566,38269,0,331729,10106,0,0,0,0,0,0,303566
2021-04-17,12325,135565,177096,40,312701,42459,0,344318,10842,0,0,0,0,0,0,312701
2021-04-18,235,135732,177312,40,313084,42646,0,344889,10841,0,0,0,0,0,0,313084
2021-04-19,13256,139478,182453,41,321972,47726,0,357562,12136,0,0,0,0,0,0,321972
2021-04-20,5574,141174,184423,42,325639,50490,0,362862,13267,0,0,0,0,0,0,325639
2021-04-21,5326,142793,186478,43,329314,52869,0,367550,14633,0,0,0,0,0,0,329314
2021-04-22,4710,143930,187673,44,331647,55640,0,371520,15767,0,0,0,0,0,0,331647
2021-04-23,4669,144384,188209,44,332637,59875,0,376595,15917,0,0,0,0,0,0,332637
2021-04-24,11346,145384,189297,45,334726,69842,0,388224,16344,0,0,0,0,0,0,334726
2021-04-25,364,145533,189484,45,335062,70365,0,389083,16344,0,0,0,0,0,0,335062
2021-04-26,10976,148160,192481,48,340689,76743,0,400583,16849,0,0,0,0,0,0,340689
2021-04-27,9056,150600,195278,50,345928,81783,0,409925,17786,0,0,0,0,0,0,345928
2021-04-28,4414,151787,196525,50,348362,84347,0,414153,18556,0,0,0,0,0,0,348362
2021-04-29,7428,153345,198216,53,351614,89019,0,421069,19564,0,0,0,0,0,0,351614
2021-04-30,5994,154578,199557,54,354189,93015,0,426424,20780,0,0,0,0,0,0,354189
2021-05-01,2861,155059,200109,54,355222,95011,0,428928,21305,0,0,0,0,0,0,355222
2021-05-02,0,155059,200108,54,355221,95011,0,428927,21305,0,0,0,0,0,0,355221
2021-05-03,3140,155254,200344,54,355652,97840,0,431942,21550,0,0,0,0,0,0,355652
2021-05-04,2361,155333,200457,54,355844,100091,0,434290,21645,0,0,0,0,0,0,355844
2021-05-05,789,155329,200459,54,355842,100890,0,435089,21643,0,0,0,0,0,0,355842
2021-05-06,8891,155738,201020,54,356812,109429,0,444556,21685,0,0,0,0,0,0,356812
2021-05-07,9192,156157,201530,54,357741,118368,0,454404,21705,0,0,0,0,0,0,357741
2021-05-08,3794,156351,201776,54,358181,122372,0,458848,21705,0,0,0,0,0,0,358181
2021-05-09,0,156350,201778,54,358182,122376,0,458853,21705,0,0,0,0,0,0,358182
2021-05-10,5848,156770,202287,54,359111,128192,0,465513,21790,0,0,0,0,0,0,359111
2021-05-11,2816,156980,202528,54,359562,130939,0,468632,21869,0,0,0,0,0,0,359562
2021-05-12,827,157036,202591,54,359681,131719,0,469365,22035,0,0,0,0,0,0,359681
2021-05-13,174,157034,202598,54,359686,131875,0,469502,22059,0,0,0,0,0,0,359686
2021-05-14,2791,157940,203511,54,361505,132979,0,470624,23860,0,0,0,0,0,0,361505
2021-05-15,9832,162615,208465,54,371134,133153,0,475432,28855,0,0,0,0,0,0,371134
2021-05-16,4058,164594,210600,54,375248,133189,0,475962,32475,0,0,0,0,0,0,375248
2021-05-17,6447,167803,213902,54,381759,133220,0,481305,33674,0,0,0,0,0,0,381759
2021-05-18,1769,168679,214797,54,383530,133223,0,482795,33958,0,0,0,0,0,0,383530
2021-05-19,340,168886,214969,54,383909,133234,0,483099,34044,0,0,0,0,0,0,383909
2021-05-20,140,168964,215019,54,384037,133249,0,483162,34124,0,0,0,0,0,0,384037
2021-05-21,614,169381,215212,54,384647,133249,0,483485,34411,0,0,0,0,0,0,384647
2021-05-22,828,169916,215504,54,385474,133253,0,483974,34753,0,0,0,0,0,0,385474
2021-05-23,0,169916,215504,54,385474,133253,0,483974,34753,0,0,0,0,0,0,385474
2021-05-24,1454,170690,216173,54,386917,133275,0,484899,35293,0,0,0,0,0,0,386917
2021-05-25,1350,171591,216622,54,388267,133275,0,485786,35756,0,0,0,0,0,0,388267
2021-05-26,1398,172484,217214,54,389752,133275,0,486999,36028,0,0,0,0,0,0,389752
2021-05-27,6747,175957,220480,54,396491,133290,0,493503,36278,0,0,0,0,0,0,396491
2021-05-28,8555,180404,224673,57,405134,133310,0,501970,36474,0,0,0,0,0,0,405134
2021-05-29,7033,184028,228104,62,412194,133400,0,509020,36574,0,0,0,0,0,0,412194
2021-05-30,10,184161,228270,62,412493,133400,0,509324,36569,0,0,0,0,0,0,412493
2021-05-31,7602,187770,231254,63,419087,134532,0,515594,38025,0,0,0,0,0,0,419087
2021-06-01,8690,191483,234650,64,426197,136345,0,522431,40111,0,0,0,0,0,0,426197
2021-06-02,7076,195012,237369,64,432445,137308,0,528273,41480,0,0,0,0,0,0,432445
2021-06-03,7524,198661,240290,66,439017,138443,0,534535,42925,0,0,0,0,0,0,439017
2021-06-04,6532,201905,242946,68,444919,139162,0,540128,43953,0,0,0,0,0,0,444919
2021-06-05,9334,206384,247237,69,453690,139827,0,548872,44645,0,0,0,0,0,0,453690
2021-06-06,1079,206893,247778,69,454740,139851,0,549953,44638,0,0,0,0,0,0,454740
2021-06-07,9577,211375,252051,69,463495,140766,0,558675,45586,0,0,0,0,0,0,463495
2021-06-08,9614,215748,256815,70,472633,141279,0,567819,46093,0,0,0,0,0,0,472633
2021-06-09,6211,218778,259808,71,478657,141840,0,573655,46842,0,0,0,0,0,0,478657
2021-06-10,5718,221261,262340,73,483674,142704,0,578396,47982,0,0,0,0,0,0,483674
2021-06-11,5229,223286,264669,73,488028,143685,0,582098,49615,0,0,0,0,0,0,488028
2021-06-12,2891,224397,265721,73,490191,144360,0,584048,50503,0,0,0,0,0,0,490191
2021-06-13,50,224374,265706,73,490153,144360,0,584047,50466,0,0,0,0,0,0,490153
2021-06-14,3774,225179,266542,73,491794,146581,0,585185,53190,0,0,0,0,0,0,491794
2021-06-15,5779,227539,268487,74,496100,147700,0,589601,54199,0,0,0,0,0,0,496100
2021-06-16,7813,230574,271564,75,502213,149534,0,596845,54902,0,0,0,0,0,0,502213
2021-06-17,8326,233397,274553,76,508026,152474,0,605125,55375,0,0,0,0,0,0,508026
2021-06-18,6072,235698,277657,77,513432,153315,0,610987,55760,0,0,0,0,0,0,513432
2021-06-19,4224,237271,279599,79,516949,154062,0,614964,56047,0,0,0,0,0,0,516949
2021-06-20,1094,237382,279757,79,517218,154946,0,616109,56055,0,0,0,0,0,0,517218
2021-06-21,15003,240540,283731,79,524350,163736,0,631846,56240,0,0,0,0,0,0,524350
2021-06-22,17434,244665,289290,79,534034,172456,0,648303,58187,0,0,0,0,0,0,534034
2021-06-23,14207,248408,293981,81,542470,179138,0,661054,60554,0,0,0,0,0,0,542470
2021-06-24,10511,251201,297443,80,548724,183849,0,670888,61685,0,0,0,0,0,0,548724
2021-06-25,9765,339424,402771,104,553595,188704,0,679664,62635,0,0,0,0,0,0,742299
2021-06-26,11909,344700,409443,107,558374,195876,0,690738,63512,0,0,0,0,0,0,754250
2021-06-27,1447,345304,410286,107,559411,196286,0,692185,63512,0,0,0,0,0,0,755697
2021-06-28,9739,349792,415537,108,563712,201725,0,700890,64547,0,0,0,0,0,0,765437
2021-06-29,14021,356114,423343,109,569737,209829,0,713737,65829,0,0,0,0,0,0,779566
2021-06-30,8242,359756,427950,110,573321,214495,0,720679,67137,0,0,0,0,0,0,787816
2021-07-01,5962,362463,431267,113,576276,217567,0,725807,68036,0,0,0,0,0,0,793843
2021-07-02,14835,369259,439362,114,582446,226289,0,739691,69044,0,0,0,0,0,0,808735
2021-07-03,10325,374059,445014,114,587188,231999,0,749325,69862,0,0,0,0,0,0,819187
2021-07-04,513,374299,445292,114,587554,232151,0,749843,69862,0,0,0,0,0,0,819705
2021-07-05,7610,377733,449467,115,590858,236457,0,756590,70725,0,0,0,0,0,0,827315
2021-07-06,4935,379804,452348,115,593008,239259,0,760789,71478,0,0,0,0,0,0,832267
2021-07-07,2264,380748,453676,118,594476,240066,0,762327,72215,0,0,0,0,0,0,834542
2021-07-08,1239,381290,454374,120,595371,240413,0,762855,72929,0,0,0,0,0,0,835784
2021-07-09,7785,384919,458546,122,597969,245618,0,770127,73460,0,0,0,0,0,0,843587
2021-07-10,11910,390387,464987,124,601511,253987,0,781666,73832,0,0,0,0,0,0,855498
2021-07-11,406,390564,465217,124,601662,254243,0,782073,73832,0,0,0,0,0,0,855905
2021-07-12,11266,395358,471688,125,605181,261990,0,792524,74647,0,0,0,0,0,0,867171
2021-07-13,4730,397360,474431,126,606732,265185,0,796534,75383,0,0,0,0,0,0,871917
2021-07-14,4639,402647,480359,129,615370,267765,0,806320,76815,0,0,0,0,0,0,883135
2021-07-15,10152,407134,486052,129,618589,274726,0,815479,77836,0,0,0,0,0,0,893315
2021-07-16,4265,408864,488595,129,620156,277432,0,818917,78671,0,0,0,0,0,0,897588
2021-07-17,12391,414314,495552,129,623906,286089,0,830641,79354,0,0,0,0,0,0,909995
2021-07-18,0,414316,495554,129,623906,286093,0,830645,79354,0,0,0,0,0,0,909999
2021-07-19,11021,419010,501907,132,628211,292838,0,840896,80153,0,0,0,0,0,0,921049
2021-07-20,18106,426935,512126,135,636004,303192,0,858516,80680,0,0,0,0,0,0,939196
2021-07-21,11738,432369,518441,136,642193,308753,0,869651,81295,0,0,0,0,0,0,950946
2021-07-22,16097,439355,527724,141,648624,318596,0,885427,81793,0,0,0,0,0,0,967220
2021-07-23,13662,445527,535339,141,655587,325420,0,898532,82475,0,0,0,0,0,0,981007
2021-07-24,34677,461455,554177,150,678810,336972,0,930570,85212,0,0,0,0,0,0,1015782
2021-07-25,1958,462401,555303,152,680324,337532,0,932600,85256,0,0,0,0,0,0,1017856
2021-07-26,5712,464769,558665,152,684624,338962,0,935482,88104,0,0,0,0,0,0,1023586
2021-07-27,6559,467571,562497,153,689975,340246,0,937655,92566,0,0,0,0,0,0,1030221
2021-07-28,0,468826,564225,154,692409,340796,0,939909,93296,0,0,0,0,0,0,1033205
2021-07-29,30730,483038,580817,164,714454,349565,0,970617,93402,0,0,0,0,0,0,1064019
2021-07-30,24540,494246,594335,168,734463,354286,0,994940,93809,0,0,0,0,0,0,1088749
2021-07-31,4060,496604,597025,170,738871,354928,0,999313,94486,0,0,0,0,0,0,1093799
2021-08-01,1741,501205,602827,167,748804,355395,0,1007742,96457,0,0,0,0,0,0,1104199
2021-08-02,23067,511682,615303,177,767988,359174,0,1030259,96903,0,0,0,0,0,0,1127162
2021-08-03,10022,516555,621153,179,776833,361054,0,1039954,97933,0,0,0,0,0,0,1137887
2021-08-04,2410,517664,622512,179,778706,361649,0,1041625,98730,0,0,0,0,0,0,1140355
2021-08-05,11707,523143,628737,182,789296,362766,0,1052089,99973,0,0,0,0,0,0,1152062
2021-08-06,5660,526018,631683,187,794381,363507,0,1055524,102364,0,0,0,0,0,0,1157888
2021-08-07,15658,533874,639538,191,807389,366214,0,1069999,103604,0,0,0,0,0,0,1173603
2021-08-08,553,534318,639656,191,807930,366235,0,1070304,103861,0,0,0,0,0,0,1174165
2021-08-09,5435,536856,642596,193,812381,367264,0,1073773,105872,0,0,0,0,0,0,1179645
2021-08-10,4062,538987,644757,193,816061,367876,0,1075379,108558,0,0,0,0,0,0,1183937
2021-08-11,15226,546101,653064,194,828169,371190,0,1089663,109696,0,0,0,0,0,0,1199359
2021-08-12,27320,559534,667033,202,850188,376581,0,1115513,111256,0,0,0,0,0,0,1226769
2021-08-13,11496,565101,673050,204,859817,378538,0,1125221,113134,0,0,0,0,0,0,1238355
2021-08-14,23104,576655,684620,208,879424,382059,0,1147006,114477,0,0,0,0,0,0,1261483
2021-08-15,18004,585785,693702,211,896418,383280,0,1165046,114652,0,0,0,0,0,0,1279698
2021-08-16,15792,593586,701640,217,910376,385067,0,1180586,114857,0,0,0,0,0,0,1295443
2021-08-17,9116,597980,706401,223,918358,386246,0,1189539,115065,0,0,0,0,0,0,1304604
2021-08-18,9893,603167,711350,225,927086,387656,0,1199523,115219,0,0,0,0,0,0,1314742
2021-08-19,3403,605015,713013,225,929755,388498,0,1202919,115334,0,0,0,0,0,0,1318253
2021-08-20,1471,605789,713714,226,930846,388883,0,1204267,115462,0,0,0,0,0,0,1319729
2021-08-21,0,606153,713946,225,931264,389060,0,1204787,115537,0,0,0,0,0,0,1320324
2021-08-22,352,606349,714102,225,931452,389224,0,1205004,115672,0,0,0,0,0,0,1320676
2021-08-23,7083,610116,717418,226,935684,392076,0,1211726,116034,0,0,0,0,0,0,1327760
2021-08-24,15830,618205,725169,234,943919,399689,0,1227090,116518,0,0,0,0,0,0,1343608
2021-08-25,13293,624918,731802,237,950378,406579,0,1239420,117537,0,0,0,0,0,0,1356957
2021-08-26,8339,629127,735980,237,954273,411071,0,1245737,119607,0,0,0,0,0,0,1365344
2021-08-27,13014,636021,742104,238,964016,414347,0,1258029,120334,0,0,0,0,0,0,1378363
2021-08-28,12059,643338,746862,243,972343,418100,0,1267313,123130,0,0,0,0,0,0,1390443
2021-08-29,6247,647180,749274,244,977212,419486,0,1272574,124124,0,0,0,0,0,0,1396698
2021-08-30,15086,655252,756285,247,987178,424606,0,1286300,125484,0,0,0,0,0,0,1411784
2021-08-31,14037,663006,762570,249,995883,429942,0,1298788,127037,0,0,0,0,0,0,1425825
2021-09-01,8071,667283,766366,251,998598,435302,0,1305649,128251,0,0,0,0,0,0,1433900
2021-09-02,5409,670261,768824,254,1000487,438852,0,1309475,129864,0,0,0,0,0,0,1439339
2021-09-03,7308,674158,772288,255,1002703,443998,0,1314409,132292,0,0,0,0,0,0,1446701
2021-09-04,4397,676438,774425,255,1004339,446779,0,1316995,134123,0,0,0,0,0,0,1451118
2021-09-05,577,676992,774463,255,1004893,446817,0,1317067,134643,0,0,0,0,0,0,1451710
2021-09-06,1420,677744,775131,255,1005441,447689,0,1317861,135269,0,0,0,0,0,0,1453130
2021-09-07,15715,685373,783213,259,1007509,461336,0,1333224,135621,0,0,0,0,0,0,1468845
2021-09-08,5398,687958,786032,259,1008459,465790,0,1338512,135737,0,0,0,0,0,0,1474249
2021-09-09,3173,689485,787687,259,1008971,468460,0,1339726,137705,0,0,0,0,0,0,1477431
2021-09-10,10280,694460,793080,259,1010791,477008,0,1349145,138654,0,0,0,0,0,0,1487799
2021-09-11,2047,695504,794152,260,1011210,478706,0,1350952,138964,0,0,0,0,0,0,1489916
2021-09-12,246,695633,794270,260,1011294,478869,0,1351147,139016,0,0,0,0,0,0,1490163
2021-09-13,821,696025,794700,260,1011510,479475,0,1351786,139199,0,0,0,0,0,0,1490985
2021-09-14,550,696313,794962,260,1011620,479915,0,1352207,139328,0,0,0,0,0,0,1491535
2021-09-15,17164,704265,804179,265,1014096,494613,0,1369148,139561,0,0,0,0,0,0,1508709
2021-09-16,14276,711328,811442,267,1017268,505769,0,1383417,139620,0,0,0,0,0,0,1523037
2021-09-17,4752,718709,819422,270,1020319,518082,0,1398641,139760,0,0,0,0,0,0,1538401
2021-09-18,7004,719549,820283,270,1020720,519382,0,1400320,139782,0,0,0,0,0,0,1540102
2021-09-19,678,719920,820590,270,1020906,519874,0,1400998,139782,0,0,0,0,0,0,1540780
2021-09-20,8070,723840,824739,271,1022839,526011,0,1409048,139802,0,0,0,0,0,0,1548850
2021-09-21,5325,726287,827620,271,1023612,530566,0,1413316,140862,0,0,0,0,0,0,1554178
2021-09-22,6103,729046,831012,275,1024875,535458,0,1418272,142061,0,0,0,0,0,0,1560333
2021-09-23,9740,733694,836209,275,1026412,543766,0,1425925,144253,0,0,0,0,0,0,1570178
2021-09-24,7053,737063,839898,276,1027749,549488,0,1431936,145301,0,0,0,0,0,0,1577237
2021-09-25,7598,740712,843874,276,1029020,555842,0,1438662,146200,0,0,0,0,0,0,1584862
2021-09-26,125,740786,843928,276,1029052,555938,0,1438781,146209,0,0,0,0,0,0,1584990
2021-09-27,856,741240,844330,276,1029227,556619,0,1439616,146230,0,0,0,0,0,0,1585846
2021-09-28,7125,744907,847788,276,1030763,562208,0,1446215,146756,0,0,0,0,0,0,1592971
2021-09-29,3532,746700,849542,276,1031440,565078,0,1449032,147486,0,0,0,0,0,0,1596518
2021-09-30,2951,748366,850985,277,1032050,567578,0,1451129,148499,0,0,0,0,0,0,1599628
2021-10-01,2891,749772,852471,277,1032505,570015,0,1453513,149007,0,0,0,0,0,0,1602520
2021-10-02,1498,750747,852998,278,1032784,571239,0,1454429,149594,0,0,0,0,0,0,1604023
2021-10-03,260,750883,853123,278,1032806,571478,0,1454679,149605,0,0,0,0,0,0,1604284
2021-10-04,5483,753759,855729,279,1033801,575966,0,1458968,150799,0,0,0,0,0,0,1609767
2021-10-05,6365,756872,858994,279,1035027,581118,0,1464451,151694,0,0,0,0,0,0,1616145
2021-10-06,4549,759110,861325,280,1035750,584965,0,1468387,152328,0,0,0,0,0,0,1620715
2021-10-07,4235,761368,863318,281,1036611,588356,0,1471734,153233,0,0,0,0,0,0,1624967
2021-10-08,4350,763689,865460,281,1037676,591754,0,1475459,153971,0,0,0,0,0,0,1629430
2021-10-09,3431,765769,866923,283,1038500,594475,0,1478128,154847,0,0,0,0,0,0,1632975
2021-10-10,571,766174,867096,283,1038665,594888,0,1478415,155138,0,0,0,0,0,0,1633553
2021-10-11,5310,768879,869701,284,1039905,598959,0,1483147,155717,0,0,0,0,0,0,1638864
2021-10-12,4789,771385,872002,285,1040798,602874,0,1487658,156014,0,0,0,0,0,0,1643672
2021-10-13,5015,773787,874730,285,1041649,607153,0,1492444,156358,0,0,0,0,0,0,1648802
2021-10-14,2779,775064,876249,285,1041986,609612,0,1495099,156499,0,0,0,0,0,0,1651598
2021-10-15,2057,776125,877263,288,1042272,611404,0,1497034,156642,0,0,0,0,0,0,1653676
2021-10-16,7663,779808,881251,290,1042900,618449,0,1504565,156784,0,0,0,0,0,0,1661349
2021-10-17,267,780012,881315,290,1042959,618658,0,1504717,156900,0,0,0,0,0,0,1661617
2021-10-18,5133,782520,883943,291,1043500,623254,0,1509697,157057,0,0,0,0,0,0,1666754
2021-10-19,2033,783453,885045,291,1043695,625094,0,1511681,157108,0,0,0,0,0,0,1668789
2021-10-20,4472,785443,887537,293,1044214,629059,0,1515979,157294,0,0,0,0,0,0,1673273
2021-10-21,5742,788086,890639,296,1044730,634291,0,1521478,157543,0,0,0,0,0,0,1679021
2021-10-22,7617,791482,894899,298,1045230,641449,0,1528787,157892,0,0,0,0,0,0,1686679
2021-10-23,5656,794060,897993,300,1045618,646735,0,1534278,158075,0,0,0,0,0,0,1692353
2021-10-24,1133,794721,898575,300,1045715,647881,0,1535436,158160,0,0,0,0,0,0,1693596
2021-10-25,678,795016,898960,300,1045827,648449,0,1536026,158250,0,0,0,0,0,0,1694276
2021-10-26,11246,800075,905329,302,1046684,659022,0,1547191,158515,0,0,0,0,0,0,1705706
2021-10-27,470,800336,905693,302,1046743,659588,0,1547782,158549,0,0,0,0,0,0,1706331
2021-10-28,8656,804219,910482,305,1047451,667555,0,1556181,158825,0,0,0,0,0,0,1715006
2021-10-29,7945,807816,915001,306,1048124,674999,0,1564035,159088,0,0,0,0,0,0,1723123
2021-10-30,1021,808280,915566,306,1048203,675949,0,1565039,159113,0,0,0,0,0,0,1724152
2021-10-31,1421,809003,916267,306,1048352,677224,0,1566409,159167,0,0,0,0,0,0,1725576
2021-11-01,587,809284,916574,306,1048393,677771,0,1566980,159184,0,0,0,0,0,0,1726164
2021-11-02,9775,813658,921980,308,1049280,686666,0,1576400,159546,0,0,0,0,0,0,1735946
2021-11-03,344,813844,922150,308,1049322,686980,0,1576667,159635,0,0,0,0,0,0,1736302
2021-11-04,4268,815794,924471,308,1049643,690930,0,1580821,159752,0,0,0,0,0,0,1740573
2021-11-05,11231,820840,930668,312,1050467,701353,0,1591703,160117,0,0,0,0,0,0,1751820
2021-11-06,1006,821262,931275,312,1050514,702335,0,1592711,160138,0,0,0,0,0,0,1752849
2021-11-07,471,821515,931493,312,1050556,702764,0,1593147,160173,0,0,0,0,0,0,1753320
2021-11-08,666,821806,931868,312,1050613,703373,0,1593763,160223,0,0,0,0,0,0,1753986
2021-11-09,14562,828557,939682,316,1051458,717097,0,1608043,160512,0,0,0,0,0,0,1768555
2021-11-10,316,828718,939871,316,1051513,717392,0,1608301,160604,0,0,0,0,0,0,1768905
2021-11-11,10996,833695,945889,317,1052127,727774,0,1619026,160875,0,0,0,0,0,0,1779901
2021-11-12,9315,838067,950836,319,1052784,736438,0,1628133,161089,0,0,0,0,0,0,1789222
2021-11-13,563,838318,951161,319,1052799,736999,0,1628680,161118,0,0,0,0,0,0,1789798
2021-11-14,22,838328,951173,319,1052799,737021,0,1628702,161118,0,0,0,0,0,0,1789820
2021-11-15,341,838475,951367,319,1052823,737338,0,1629035,161126,0,0,0,0,0,0,1790161
2021-11-16,9446,843321,955964,331,1053469,746147,0,1638208,161408,0,0,0,0,0,0,1799616
2021-11-17,437,843522,956200,331,1053519,746534,0,1638609,161444,0,0,0,0,0,0,1800053
2021-11-18,8218,847459,960474,340,1054135,754138,0,1646615,161658,0,0,0,0,0,0,1808273
2021-11-19,7364,851104,964400,342,1054637,761209,0,1653948,161898,0,0,0,0,0,0,1815846
2021-11-20,849,851519,964850,342,1054700,762011,0,1654810,161901,0,0,0,0,0,0,1816711
2021-11-21,64,851542,964891,342,1054701,762074,0,1654874,161901,0,0,0,0,0,0,1816775
2021-11-22,487,851756,965164,342,1054748,762514,0,1655342,161920,0,0,0,0,0,0,1817262
2021-11-23,10926,857092,970751,346,1055435,772754,0,1665991,162198,0,0,0,0,0,0,1828189
2021-11-24,502,857333,971020,346,1055470,773229,0,1666469,162230,0,0,0,0,0,0,1828699
2021-11-25,7766,861166,974949,350,1055975,780490,0,1673971,162494,0,0,0,0,0,0,1836465
2021-11-26,8593,865489,979332,355,1056511,788665,0,1682453,162723,0,0,0,0,0,0,1845176
2021-11-27,3825,867438,981320,356,1056746,792368,0,1686317,162797,0,0,0,0,0,0,1849114
2021-11-28,22,867451,981334,356,1056750,792391,0,1686344,162797,0,0,0,0,0,0,1849141
2021-11-29,6453,871033,984204,357,1057220,798374,0,1692618,162976,0,0,0,0,0,0,1855594
2021-11-30,10367,876464,989233,359,1058121,807935,0,1702627,163429,0,0,0,0,0,0,1866056
2021-12-01,302,876604,989407,359,1058153,808217,0,1702910,163460,0,0,0,0,0,0,1866370
2021-12-02,8680,880968,993723,360,1059104,815947,0,1711265,163786,0,0,0,0,0,0,1875051
2021-12-03,7526,884830,997426,362,1059945,822673,0,1718563,164055,0,0,0,0,0,0,1882618
2021-12-04,4523,887130,999650,364,1060450,826694,0,1722943,164201,0,0,0,0,0,0,1887144
2021-12-05,33,887151,999666,364,1060454,826727,0,1722979,164202,0,0,0,0,0,0,1887181
2021-12-06,4422,889548,1001690,365,1061003,830600,0,1727203,164400,0,0,0,0,0,0,1891603
2021-12-07,455,889814,1001907,365,1061077,831009,0,1727647,164439,0,0,0,0,0,0,1892086
2021-12-08,276,889935,1002062,365,1061104,831258,0,1727868,164494,0,0,0,0,0,0,1892362
2021-12-09,7267,893664,1005601,367,1061944,837688,0,1734786,164846,0,0,0,0,0,0,1899632
2021-12-10,4564,896177,1007853,370,1062490,841910,0,1739351,165049,0,0,0,0,0,0,1904400
2021-12-11,1386,896893,1008528,370,1062640,843151,0,1740689,165102,0,0,0,0,0,0,1905791
2021-12-12,2845,898509,1009759,371,1063000,845639,0,1743433,165206,0,0,0,0,0,0,1908639
2021-12-13,3181,900275,1011174,373,1063334,848488,0,1746495,165327,0,0,0,0,0,0,1911822
2021-12-14,3944,902381,1013031,373,1063810,851975,0,1750304,165481,0,0,0,0,0,0,1915785
2021-12-15,186,902462,1013138,373,1063822,852151,0,1750492,165481,0,0,0,0,0,0,1915973
2021-12-16,3950,904492,1015060,374,1064248,855678,0,1754253,165673,0,0,0,0,0,0,1919926
2021-12-17,3553,906332,1016775,376,1064660,858823,0,1757618,165865,0,0,0,0,0,0,1923483
2021-12-18,2951,907803,1018262,376,1065042,861399,0,1760442,165999,0,0,0,0,0,0,1926441
2021-12-19,454,908108,1018413,376,1065091,861806,0,1760885,166012,0,0,0,0,0,0,1926897
2021-12-20,2282,909377,1019425,377,1065393,863786,0,1763094,166085,0,0,0,0,0,0,1929179
2021-12-21,2534,910692,1020660,378,1065738,865992,0,1765567,166163,0,0,0,0,0,0,1931730
2021-12-22,243,910833,1020765,378,1065762,866214,0,1765803,166173,0,0,0,0,0,0,1931976
2021-12-23,2111,911859,1021850,379,1066026,868062,0,1767827,166261,0,0,0,0,0,0,1934088
2021-12-24,1916,912831,1022846,379,1066266,869790,0,1769722,166334,0,0,0,0,0,0,1936056
2021-12-25,66,912885,1022859,379,1066270,869853,0,1769774,166349,0,0,0,0,0,0,1936123
2021-12-26,0,912885,1022859,379,1066270,869853,0,1769774,166349,0,0,0,0,0,0,1936123
2021-12-27,2521,914256,1024010,379,1066567,872078,0,1772141,166504,0,0,0,0,0,0,1938645
2021-12-28,3474,915992,1025777,380,1066994,875155,0,1775496,166653,0,0,0,0,0,0,1942149
2021-12-29,151,916049,1025869,380,1067021,875277,0,1775605,166693,0,0,0,0,0,0,1942298
2021-12-30,3445,917751,1027616,380,1067512,878235,0,1778900,166847,0,0,0,0,0,0,1945747
2021-12-31,2275,918851,1028800,380,1067824,880207,0,1781088,166943,0,0,0,0,0,0,1948031
2022-01-01,879,919330,1029209,381,1067959,880961,0,1781943,166977,0,0,0,0,0,0,1948920
2022-01-02,187,919471,1029256,381,1067992,881116,0,1782120,166988,0,0,0,0,0,0,1949108
2022-01-03,3868,921523,1031072,381,1070363,882613,0,1783892,169084,0,0,0,0,0,0,1952976
2022-01-04,6934,925065,1034561,385,1076864,883147,0,1784558,175453,0,0,0,0,0,0,1960011
2022-01-05,498,925364,1034863,385,1077283,883329,0,1784768,175844,0,0,0,0,0,0,1960612
2022-01-06,8546,929658,1039113,387,1083322,885836,0,1788408,180750,0,0,0,0,0,0,1969158
2022-01-07,7699,933724,1042899,390,1090457,886556,0,1789767,187246,0,0,0,0,0,0,1977013
2022-01-08,7713,937452,1046892,390,1097572,887162,0,1790968,193766,0,0,0,0,0,0,1984734
2022-01-09,1660,938299,1047707,392,1099100,887298,0,1791175,195223,0,0,0,0,0,0,1986398
2022-01-10,8060,941660,1050655,395,1103100,889610,1748,1796357,198101,0,0,0,0,0,0,1994458
2022-01-11,7124,944172,1052984,397,1106425,891128,4042,1800537,201058,0,0,0,0,0,0,2001595
2022-01-12,914,944394,1053236,397,1106697,891330,4632,1801320,201339,0,0,0,0,0,0,2002659
2022-01-13,7871,947111,1055739,398,1109401,893848,7288,1806946,203591,0,0,0,0,0,0,2010537
2022-01-14,4759,948683,1057251,399,1111517,894817,9016,1809928,205422,0,0,0,0,0,0,2015350
2022-01-15,5065,950291,1058790,400,1113502,895980,11003,1813220,207265,0,0,0,0,0,0,2020485
2022-01-16,237,950403,1058841,401,1113555,896091,11078,1813408,207316,0,0,0,0,0,0,2020724
2022-01-17,6575,951985,1060241,401,1114684,897944,14671,1819227,208072,0,0,0,0,0,0,2027299
2022-01-18,4184,953181,1061249,402,1115942,898891,16730,1822332,209231,0,0,0,0,0,0,2031563
2022-01-19,1334,953604,1061579,403,1116615,898972,17326,1823012,209901,0,0,0,0,0,0,2032913
2022-01-20,6655,955562,1063295,405,1118668,900595,20305,1827906,211662,0,0,0,0,0,0,2039568
2022-01-21,4091,956719,1064187,405,1119907,901405,22467,1831011,212768,0,0,0,0,0,0,2043779
2022-01-22,5075,957645,1065021,406,1120770,902303,25790,1835360,213503,0,0,0,0,0,0,2048863
2022-01-23,93,957684,1065045,406,1120795,902341,25968,1835584,213520,0,0,0,0,0,0,2049104
2022-01-24,6159,958652,1065919,406,1121402,903576,30292,1841384,213886,0,0,0,0,0,0,2055270
2022-01-25,4276,959335,1066491,406,1121854,904379,33472,1845444,214261,0,0,0,0,0,0,2059705
2022-01-26,136,959357,1066510,406,1121872,904402,33575,1845584,214265,0,0,0,0,0,0,2059849
2022-01-27,5464,960128,1067212,406,1122312,905435,37566,1850724,214589,0,0,0,0,0,0,2065313
2022-01-28,3602,960677,1067763,406,1122746,906101,40076,1853913,215010,0,0,0,0,0,0,2068923
2022-01-29,2134,961169,1068237,406,1123162,906651,41362,1855776,215399,0,0,0,0,0,0,2071175
2022-01-30,11,961170,1068239,406,1123162,906654,41371,1855788,215399,0,0,0,0,0,0,2071187
2022-01-31,3304,961827,1068849,407,1123676,907408,43407,1858635,215856,0,0,0,0,0,0,2074491
2022-02-01,2778,962481,1069371,407,1124004,908256,45186,1861049,216397,0,0,0,0,0,0,2077446
2022-02-02,121,962502,1069401,407,1124016,908295,45268,1861171,216408,0,0,0,0,0,0,2077579
2022-02-03,5648,963748,1070621,408,1124384,910394,48445,1865152,218071,0,0,0,0,0,0,2083223
2022-02-04,5571,965142,1072013,409,1124646,912919,51224,1868418,220371,0,0,0,0,0,0,2088789
2022-02-05,4912,966869,1073710,410,1125010,915980,52815,1870350,223455,0,0,0,0,0,0,2093805
2022-02-06,11,966883,1073722,410,1125012,916004,52828,1870365,223479,0,0,0,0,0,0,2093844
2022-02-07,7148,968389,1075371,413,1125310,918864,56819,1875154,225839,0,0,0,0,0,0,2100993
2022-02-08,5353,971852,1078573,413,1125592,925246,58809,1880782,228865,0,0,0,0,0,0,2106390
2022-02-09,477,970364,1077088,413,1125640,922226,59006,1877815,229057,0,0,0,0,0,0,2106872
2022-02-10,5024,971536,1078330,414,1125883,924398,61622,1881226,230677,0,0,0,0,0,0,2111903
2022-02-11,4575,973244,1079931,417,1126144,927449,62930,1882914,233609,0,0,0,0,0,0,2116523
2022-02-12,2291,974166,1081050,418,1126293,929342,63194,1883311,235518,0,0,0,0,0,0,2118829
2022-02-13,0,974166,1081050,418,1126293,929342,63196,1883313,235518,0,0,0,0,0,0,2118831
2022-02-14,3387,975225,1082019,418,1126497,931166,64557,1885332,236888,0,0,0,0,0,0,2122220
2022-02-15,2960,976347,1083151,419,1126681,933237,65344,1886542,238720,0,0,0,0,0,0,2125262
2022-02-16,179,976417,1083250,419,1126690,933397,65405,1886643,238849,0,0,0,0,0,0,2125492
2022-02-17,2415,977119,1083986,419,1126847,934678,66385,1888175,239735,0,0,0,0,0,0,2127910
2022-02-18,1869,977960,1084766,420,1127001,936146,66638,1888633,241152,0,0,0,0,0,0,2129785
2022-02-19,3332,979480,1086351,420,1127194,939058,66867,1889039,244080,0,0,0,0,0,0,2133119
2022-02-20,0,979522,1086391,420,1127198,939136,66881,1889065,244150,0,0,0,0,0,0,2133215
2022-02-21,1284,979914,1086834,420,1127292,939877,67328,1890002,244495,0,0,0,0,0,0,2134497
2022-02-22,1883,980612,1087523,420,1127435,941121,67888,1891072,245372,0,0,0,0,0,0,2136444
2022-02-23,157,980688,1087572,420,1127448,941233,67920,1891121,245480,0,0,0,0,0,0,2136601
2022-02-24,1487,981209,1088148,420,1127597,942181,68312,1891878,246212,0,0,0,0,0,0,2138090
2022-02-25,1330,981799,1088749,422,1127714,943257,68486,1892270,247187,0,0,0,0,0,0,2139457
2022-02-26,752,982173,1089082,423,1127781,943898,68536,1892375,247840,0,0,0,0,0,0,2140215
2022-02-27,0,982173,1089082,423,1127781,943898,68536,1892375,247840,0,0,0,0,0,0,2140215
2022-02-28,331,982288,1089200,423,1127809,944103,68636,1892598,247950,0,0,0,0,0,0,2140548
2022-03-01,456,982442,1089405,423,1127849,944422,68750,1892819,248202,0,0,0,0,0,0,2141021
2022-03-02,234,982508,1089462,423,1127862,944532,68861,1892997,248258,0,0,0,0,0,0,2141255
2022-03-03,1621,983043,1090060,423,1127977,945550,69348,1894172,248703,0,0,0,0,0,0,2142875
2022-03-04,1264,983537,1090631,424,1128091,946502,69663,1894613,249643,0,0,0,0,0,0,2144256
2022-03-05,979,983961,1091050,425,1128172,947265,69798,1894866,250369,0,0,0,0,0,0,2145235
2022-03-06,0,983964,1091052,425,1128173,947269,69799,1894867,250374,0,0,0,0,0,0,2145241
2022-03-07,819,984226,1091347,425,1128229,947770,70061,1895395,250665,0,0,0,0,0,0,2146060
2022-03-08,787,984489,1091642,425,1128275,948282,70322,1895917,250962,0,0,0,0,0,0,2146879
2022-03-09,39,984501,1091650,425,1128281,948296,70341,1895946,250972,0,0,0,0,0,0,2146918
2022-03-10,1096,984839,1092045,425,1128358,948952,70704,1896727,251287,0,0,0,0,0,0,2148014
2022-03-11,926,985113,1092387,427,1128423,949505,71016,1897164,251780,0,0,0,0,0,0,2148944
2022-03-12,530,985317,1092622,427,1128466,949901,71107,1897296,252178,0,0,0,0,0,0,2149474
2022-03-13,30,985326,1092633,427,1128468,949919,71117,1897326,252178,0,0,0,0,0,0,2149504
2022-03-14,657,985485,1092852,427,1128512,950253,71396,1897793,252368,0,0,0,0,0,0,2150161
2022-03-15,1186,985754,1093270,427,1128575,950877,71895,1898650,252697,0,0,0,0,0,0,2151347
2022-03-16,120,985784,1093315,427,1128613,950914,71943,1898723,252717,0,0,30,0,0,0,2151470
2022-03-17,1377,986100,1093702,427,1128720,951510,72638,1899703,253094,0,0,71,0,0,0,2152868
2022-03-18,1082,986380,1094003,427,1128833,951978,73151,1900352,253499,0,0,111,0,0,0,2153962
2022-03-19,737,986627,1094247,427,1129070,952232,73399,1900691,253715,0,0,295,0,0,0,2154701
2022-03-20,0,986627,1094248,427,1129071,952232,73399,1900691,253715,0,0,296,0,0,0,2154702
2022-03-21,1784,986788,1094469,427,1129122,952563,74801,1902378,253798,0,0,310,0,0,0,2156486
2022-03-22,2722,987097,1094869,427,1129399,952995,76812,1904656,254029,0,0,521,0,0,0,2159206
2022-03-23,160,987109,1094906,427,1129406,953037,76977,1904856,254043,0,0,521,0,0,0,2159420
2022-03-24,2992,987338,1095148,427,1129472,953442,79498,1907595,254281,0,0,536,0,0,0,2162412
2022-03-25,1772,987501,1095340,427,1129561,953708,80915,1909051,254557,0,0,576,0,0,0,2164184
2022-03-26,1108,987641,1095508,427,1129707,953870,81715,1909890,254703,0,0,699,0,0,0,2165292
2022-03-27,0,987651,1095516,427,1129708,953887,81719,1909890,254725,0,0,699,0,0,0,2165314
2022-03-28,87,987661,1095521,427,1129713,953897,81791,1909977,254725,0,0,699,0,0,0,2165401
2022-03-29,11,987665,1095521,427,1129714,953900,81799,1909989,254725,0,0,699,0,0,0,2165413
2022-03-30,90,987673,1095531,427,1129715,953917,81871,1910079,254725,0,0,699,0,0,0,2165503
2022-03-31,3892,987907,1095833,427,1129836,954332,85227,1913729,254890,0,0,776,0,0,0,2169395
2022-04-01,3186,988067,1096102,427,1129931,954666,88011,1916674,255122,0,0,812,0,0,0,2172608
2022-04-02,1472,988482,1096520,427,1130650,954780,88661,1917452,255192,0,0,1447,0,0,0,2174091
2022-04-03,0,988482,1096520,427,1130650,954780,88663,1917454,255192,0,0,1447,0,0,0,2174093
2022-04-04,2362,988767,1096835,427,1131053,954977,90425,1919392,255242,0,0,1821,0,0,0,2176455
2022-04-05,1076,988910,1097003,428,1131227,955115,91191,1920207,255351,0,0,1975,0,0,0,2177533
2022-04-06,58,988917,1097020,428,1131232,955134,91225,1920255,255361,0,0,1975,0,0,0,2177591
2022-04-07,3124,989596,1097775,430,1132292,955510,92913,1922200,255537,0,0,2978,0,0,0,2180715
2022-04-08,2327,990200,1098429,430,1133236,955824,94001,1923433,255755,0,0,3873,0,0,0,2183061
2022-04-09,1214,990534,1098890,430,1133867,955988,94420,1923960,255837,0,0,4478,0,0,0,2184275
2022-04-10,0,990534,1098890,430,1133867,955988,94421,1923961,255837,0,0,4478,0,0,0,2184276
2022-04-11,2627,990948,1099378,430,1134274,956483,96147,1926085,255993,0,0,4826,0,0,0,2186904
2022-04-12,3702,991638,1100191,431,1135206,957055,98345,1928716,256215,0,0,5675,0,0,0,2190606
2022-04-13,385,991733,1100281,431,1135356,957090,98547,1928955,256220,0,0,5818,0,0,0,2190993
2022-04-14,149,991784,1100331,431,1135392,957155,98601,1929016,256280,0,0,5852,0,0,0,2191148
2022-04-15,0,991785,1100331,431,1135392,957156,98603,1929019,256280,0,0,5852,0,0,0,2191151
2022-04-16,1681,992225,1100877,431,1136063,957471,99298,1929907,256418,0,0,6507,0,0,0,2192832
2022-04-17,0,992225,1100877,431,1136063,957471,99298,1929907,256418,0,0,6507,0,0,0,2192832
2022-04-18,1760,992499,1101225,431,1136239,957917,100436,1931437,256479,0,0,6676,0,0,0,2194592
2022-04-19,3071,993130,1101955,431,1136946,958571,102268,1933725,256701,0,0,7359,0,0,0,2197785
2022-04-20,321,993165,1102002,431,1137004,958595,102507,1933996,256701,0,0,7409,0,0,0,2198106
2022-04-21,2312,993531,1102444,431,1137369,959038,104011,1935819,256870,0,0,7729,0,0,0,2200418
2022-04-22,1708,993895,1102824,432,1137846,959306,104979,1936922,256995,0,0,8214,0,0,0,2202131
2022-04-23,1597,994312,1103266,433,1138428,959584,105723,1937771,257112,0,0,8852,0,0,0,2203735
2022-04-24,22,994314,1103266,433,1138429,959585,105746,1937796,257112,0,0,8852,0,0,0,2203760
2022-04-25,1944,994568,1103585,433,1138669,959918,107117,1939423,257240,0,0,9041,0,0,0,2205704
2022-04-26,2848,994963,1104102,434,1139106,960394,109057,1941688,257441,0,0,9428,0,0,0,2208557
2022-04-27,210,995030,1104167,434,1139219,960413,109240,1941898,257441,0,0,9533,0,0,0,2208872
2022-04-28,2125,995441,1104620,434,1139574,960922,110506,1943463,257693,0,0,9846,0,0,0,2211002
2022-04-29,2244,995913,1105111,434,1140087,961372,111794,1945021,257890,0,0,10342,0,0,0,2213253
2022-04-30,1265,996226,1105461,434,1140430,961692,112397,1945751,258073,0,0,10695,0,0,0,2214519
2022-05-01,1,996227,1105461,434,1140431,961692,112398,1945752,258073,0,0,10696,0,0,0,2214521
2022-05-02,443,996275,1105523,434,1140466,961767,112736,1946156,258073,0,0,10740,0,0,0,2214969
2022-05-03,1449,996572,1105925,436,1140720,962214,113485,1947159,258215,0,0,11045,0,0,0,2216419
2022-05-04,121,996613,1105960,436,1140773,962237,113592,1947282,258215,0,0,11105,0,0,0,2216602
2022-05-05,2198,997143,1106561,437,1141119,963023,114658,1948644,258412,0,0,11744,0,0,0,2218800
2022-05-06,2329,997775,1107314,437,1141628,963899,115603,1949785,258618,0,0,12727,0,0,0,2221130
2022-05-07,1119,998155,1107771,437,1141912,964452,115885,1950145,258743,0,0,13361,0,0,0,2222249
2022-05-08,0,998158,1107771,437,1141913,964454,115886,1950146,258743,0,0,13364,0,0,0,2222253
2022-05-09,1382,998517,1108143,437,1142226,964872,116537,1951009,258837,0,0,13789,0,0,0,2223635
2022-05-10,2448,999333,1109032,438,1143000,965804,117287,1951931,259107,0,0,15053,0,0,0,2226091
2022-05-11,225,999378,1109086,438,1143039,965864,117416,1952066,259125,0,0,15128,0,0,0,2226319
2022-05-12,2045,1000113,1109881,438,1143633,966800,117931,1952756,259509,0,0,16099,0,0,0,2228364
2022-05-13,2787,1001137,1110912,439,1144811,967678,118662,1953645,259879,0,0,17627,0,0,0,2231151
2022-05-14,732,1001338,1111168,439,1145061,967885,118952,1953986,260008,0,0,17904,0,0,0,2231898
2022-05-15,0,1001338,1111168,439,1145061,967885,118952,1953986,260008,0,0,17904,0,0,0,2231898
2022-05-16,1818,1001917,1111842,439,1145700,968499,119517,1954767,260145,0,0,18804,0,0,0,2233716
2022-05-17,1964,1002577,1112569,441,1146419,969169,120098,1955507,260423,0,0,19756,0,0,0,2235686
2022-05-18,120,1002582,1112575,441,1146423,969176,120207,1955627,260423,0,0,19756,0,0,0,2235806
2022-05-19,1835,1003218,1113212,441,1146964,969908,120767,1956345,260724,0,0,20570,0,0,0,2237639
2022-05-20,2045,1003982,1114071,442,1147833,970663,121190,1956878,261075,0,0,21733,0,0,0,2239686
2022-05-21,1134,1004394,1114559,443,1148295,971102,121423,1957173,261198,0,0,22449,0,0,0,2240820
2022-05-22,0,1004394,1114559,443,1148295,971102,121429,1957179,261198,0,0,22449,0,0,0,2240826
2022-05-23,1164,1004680,1114874,444,1148522,971477,121991,1957897,261331,0,0,22762,0,0,0,2241990
2022-05-24,1557,1005241,1115450,445,1149066,972071,122408,1958426,261577,0,0,23542,0,0,0,2243545
2022-05-25,128,1005248,1115462,445,1149068,972088,122576,1958613,261577,0,0,23542,0,0,0,2243732
2022-05-26,2248,1006096,1116381,446,1149947,972977,123057,1959262,261865,0,0,24854,0,0,0,2245981
2022-05-27,2942,1007388,1117683,446,1151313,974205,123408,1959710,262228,0,0,26988,0,0,0,2248926
2022-05-28,1722,1008156,1118449,447,1152116,974937,123595,1959936,262491,0,0,28221,0,0,0,2250648
2022-05-29,24,1008188,1118482,447,1152151,974967,123616,1959960,262491,0,0,28283,0,0,0,2250734
2022-05-30,1079,1008481,1118787,447,1152400,975316,124097,1960594,262665,0,0,28554,0,0,0,2251813
2022-05-31,1177,1008885,1119200,447,1152726,975807,124456,1961055,262982,0,0,28952,0,0,0,2252989
2022-06-01,136,1008891,1119206,447,1152733,975812,124580,1961191,262982,0,0,28952,0,0,0,2253125
2022-06-02,838,1009081,1119484,447,1152849,976164,124949,1961700,263233,0,0,29029,0,0,0,2253962
2022-06-03,1014,1009287,1119737,447,1152988,976484,125517,1962380,263320,0,0,29289,0,0,0,2254989
2022-06-04,1076,1009640,1120111,447,1153246,976953,125865,1962798,263475,0,0,29791,0,0,0,2256064
2022-06-05,33,1009640,1120111,447,1153246,976953,125900,1962833,263475,0,0,29791,0,0,0,2256099
2022-06-06,888,1009786,1120259,448,1153297,977197,126492,1963574,263547,0,0,29865,0,0,0,2256986
2022-06-07,982,1010022,1120500,449,1153425,977547,126998,1964168,263656,0,0,30146,0,0,0,2257970
2022-06-08,252,1010029,1120505,449,1153428,977556,127239,1964420,263657,0,0,30146,0,0,0,2258223
2022-06-09,1157,1010245,1120778,449,1153527,977946,127909,1965205,263961,0,0,30216,0,0,0,2259382
2022-06-10,1481,1010657,1121191,449,1153740,978558,128575,1965993,264135,0,0,30745,0,0,0,2260873
2022-06-11,817,1010910,1121470,449,1153930,978900,128860,1966303,264186,0,0,31200,1,0,0,2261690
2022-06-12,43,1010915,1121476,449,1153940,978901,128892,1966336,264186,0,0,31200,11,0,0,2261733
2022-06-13,1072,1011066,1121654,449,1154014,979156,129635,1967227,264249,0,0,31315,14,0,0,2262805
2022-06-14,960,1011296,1121890,449,1154095,979541,130129,1967782,264360,0,0,31609,14,0,0,2263765
2022-06-15,244,1011300,1121895,449,1154095,979550,130364,1968026,264360,0,0,31609,14,0,0,2264009
2022-06-16,931,1011453,1122068,449,1154145,979826,130968,1968716,264542,0,0,31667,14,0,0,2264939
2022-06-17,1135,1011777,1122432,449,1154327,980332,131420,1969260,264649,0,0,32156,14,0,0,2266079
2022-06-18,2510,1012803,1123520,449,1154840,981933,131859,1969710,264928,0,0,33980,14,0,0,2268632
2022-06-19,65,1012804,1123520,449,1154841,981933,131925,1969774,264931,0,0,33980,14,0,0,2268699
2022-06-20,807,1012857,1123574,449,1154854,982027,132625,1970414,265098,0,0,33980,14,0,0,2269506
2022-06-21,1799,1013022,1123759,449,1154910,982321,134074,1971953,265338,0,0,34000,14,0,0,2271305
2022-06-22,315,1013027,1123770,449,1154917,982330,134374,1972188,265418,0,0,34000,15,0,0,2271621
2022-06-23,1199,1013169,1123931,449,1154974,982576,135270,1972917,265870,0,0,34017,16,0,0,2272820
2022-06-24,903,1013344,1124105,449,1155037,982862,135824,1973288,266139,0,0,34280,16,0,0,2273723
2022-06-25,2263,1014336,1125042,450,1155321,984508,136171,1973589,266269,0,0,36119,23,0,0,2276000
2022-06-26,42,1014336,1125045,450,1155321,984511,136219,1973640,266269,0,0,36119,23,0,0,2276051
2022-06-27,451,1014347,1125072,450,1155332,984538,136632,1973953,266407,0,0,36119,23,0,0,2276502
2022-06-28,1669,1014498,1125259,450,1155377,984831,137964,1975409,266620,0,0,36119,24,0,0,2278172
2022-06-29,264,1014520,1125299,450,1155389,984881,138165,1975546,266688,0,0,36177,24,0,0,2278435
2022-06-30,1135,1014735,1125512,451,1155463,985236,138872,1976239,267107,0,0,36195,30,0,0,2279571
2022-07-01,303,1014770,1125552,451,1155483,985291,139101,1976489,267125,0,0,36231,30,0,0,2279875
2022-07-02,1986,1015620,1126404,452,1155814,986663,139384,1976767,267206,0,0,37857,31,0,0,2281861
2022-07-03,33,1015620,1126405,452,1155814,986664,139416,1976800,267206,0,0,37857,31,0,0,2281894
2022-07-04,356,1015635,1126418,452,1155822,986684,139745,1977118,267244,0,0,37857,32,0,0,2282251
2022-07-05,1633,1015778,1126622,452,1155879,986974,141031,1978545,267450,0,0,37857,32,0,0,2283884
2022-07-06,247,1015791,1126641,452,1155890,986995,141279,1978798,267477,0,0,37857,32,0,0,2284164
2022-07-07,853,1015985,1126841,452,1155975,987304,141739,1979137,267975,0,0,37874,32,0,0,2285018
2022-07-08,286,1016005,1126870,452,1155988,987340,141978,1979354,268015,0,0,37905,32,0,0,2285306
2022-07-09,621,1016211,1127097,452,1156084,987677,142167,1979560,268015,0,0,38318,35,0,0,2285928
2022-07-10,44,1016216,1127104,452,1156088,987685,142207,1979604,268015,0,0,38326,35,0,0,2285980
2022-07-11,189,1016218,1127107,452,1156090,987688,142391,1979745,268063,0,0,38326,35,0,0,2286169
2022-07-12,1128,1016333,1127239,452,1156125,987900,143272,1980802,268134,0,0,38326,35,0,0,2287297
2022-07-13,238,1016363,1127295,452,1156203,987908,143424,1980997,268177,0,0,38326,35,0,0,2287535
2022-07-14,542,1016485,1127406,452,1156242,988102,143733,1981287,268429,0,0,38326,35,0,0,2288077
2022-07-15,537,1016522,1127446,452,1156259,988162,144202,1981718,268508,0,0,38362,35,0,0,2288623
2022-07-16,1,1016888,1127799,453,1156412,988729,145804,1983352,268545,0,0,39002,46,0,0,2290945
2022-07-17,11,1016888,1127799,453,1156412,988729,145811,1983359,268545,0,0,39002,46,0,0,2290952
2022-07-18,2710,1016925,1127835,454,1156434,988781,148447,1986039,268574,0,0,39002,47,0,0,2293662
2022-07-19,1891,1016999,1127912,454,1156464,988902,150272,1987900,268689,0,0,39002,47,0,0,2295638
2022-07-20,72,1017008,1127917,454,1156473,988907,150330,1987962,268699,0,0,39002,47,0,0,2295710
2022-07-21,3770,1017211,1128120,454,1156576,989210,153694,1991161,269196,0,0,39076,47,0,0,2299480
2022-07-22,1184,1017259,1128164,454,1156598,989280,154797,1992310,269237,0,0,39076,52,0,0,2300675
2022-07-23,1468,1017724,1128597,454,1156804,989972,155379,1992813,269361,0,0,39928,53,0,0,2302155
2022-07-24,21,1017727,1128598,454,1156806,989974,155399,1992836,269362,0,0,39928,53,0,0,2302179
2022-07-25,280,1017743,1128610,454,1156812,989996,155650,1993115,269362,0,0,39928,53,0,0,2302458
2022-07-26,1433,1017813,1128668,454,1156832,990104,156954,1994432,269477,0,0,39928,53,0,0,2303890
2022-07-27,62,1017815,1128674,454,1156836,990108,157008,1994474,269497,0,0,39928,53,0,0,2303952
2022-07-28,154,1017832,1128695,454,1156845,990137,157124,1994548,269576,0,0,39928,54,0,0,2304106
2022-07-29,725,1017852,1128743,454,1156860,990190,157781,1995193,269656,0,0,39928,54,0,0,2304831
2022-07-30,1369,1018081,1128958,454,1156999,990495,158705,1996061,269797,0,0,40287,54,0,0,2306199
2022-07-31,0,1018081,1128958,454,1156999,990495,158705,1996061,269797,0,0,40287,54,0,0,2306199
2022-08-01,837,1018097,1128988,454,1157008,990532,159496,1996868,269827,0,0,40287,54,0,0,2307036
2022-08-02,2446,1018192,1129097,454,1157055,990689,161747,1999174,269976,0,0,40287,54,0,0,2309491
2022-08-03,33,1018200,1129103,454,1157062,990696,161821,1999262,269976,0,0,40287,54,0,0,2309579
2022-08-04,1825,1018335,1129258,454,1157097,990951,163356,2000437,270626,0,0,40287,54,0,0,2311404
2022-08-05,452,1018349,1129276,454,1157103,990977,163776,2000835,270680,0,0,40287,54,0,0,2311856
2022-08-06,1031,1018611,1129534,454,1157244,991356,164287,2001340,270751,0,0,40742,54,0,0,2312887
2022-08-07,0,1018615,1129539,454,1157245,991364,164293,2001340,270766,0,0,40742,54,0,0,2312902
2022-08-08,876,1018644,1129564,454,1157256,991407,165115,2002174,270808,0,0,40742,54,0,0,2313778
2022-08-09,741,1018670,1129600,454,1157272,991453,165794,2002915,270808,0,0,40742,54,0,0,2314519
2022-08-10,78,1018673,1129607,454,1157276,991459,165866,2002997,270808,0,0,40742,54,0,0,2314601
2022-08-11,2121,1018770,1129720,454,1157317,991628,167779,2004819,271109,0,0,40742,54,0,0,2316724
2022-08-12,662,1018800,1129751,454,1157330,991676,168378,2005404,271184,0,0,40742,54,0,0,2317384
2022-08-13,201,1018854,1129799,454,1157360,991748,168477,2005500,271203,0,0,40828,54,0,0,2317585
2022-08-14,0,1018854,1129799,454,1157360,991748,168477,2005500,271203,0,0,40828,54,0,0,2317585
2022-08-15,123,1018856,1129801,454,1157363,991749,168596,2005623,271203,0,0,40828,54,0,0,2317708
2022-08-16,1647,1018916,1129863,454,1157374,991860,169998,2007111,271239,0,0,40828,54,0,0,2319232
2022-08-17,76,1018927,1129869,454,1157383,991868,170200,2007330,271239,0,0,40828,54,0,0,2319451
2022-08-18,237,1018950,1129886,454,1157390,991901,170397,2007512,271294,0,0,40828,54,0,0,2319688
2022-08-19,738,1018987,1129920,454,1157409,991953,171155,2008233,271390,0,0,40840,54,0,0,2320517
2022-08-20,698,1019113,1130042,454,1157467,992143,171606,2008646,271513,0,0,41003,54,0,0,2321216
2022-08-21,0,1019113,1130042,454,1157467,992143,171606,2008646,271513,0,0,41003,54,0,0,2321216
2022-08-22,363,1019128,1130054,454,1157475,992162,171942,2008980,271542,0,0,41003,54,0,0,2321579
2022-08-23,1575,1019190,1130119,454,1157506,992258,173389,2010443,271653,0,0,41003,54,0,0,2323153
2022-08-24,10,1019191,1130120,454,1157508,992258,173402,2010458,271653,0,0,41003,54,0,0,2323168
2022-08-25,940,1019240,1130178,454,1157516,992357,174235,2011252,271779,0,0,41023,54,0,0,2324108
2022-08-26,44,1019245,1130183,454,1157516,992367,174300,2011322,271784,0,0,41023,54,0,0,2324183
2022-08-27,285,1019348,1130289,454,1157582,992510,174379,2011407,271787,0,0,41223,54,0,0,2324471
2022-08-28,0,1019348,1130289,454,1157582,992510,174379,2011407,271787,0,0,41223,54,0,0,2324471
2022-08-29,94,1019350,1130292,454,1157582,992515,174468,2011501,271787,0,0,41223,54,0,0,2324565
2022-08-30,1128,1019385,1130340,454,1157602,992578,175513,2012599,271817,0,0,41223,54,0,0,2325693
2022-08-31,11,1019386,1130340,454,1157602,992579,175523,2012610,271817,0,0,41223,54,0,0,2325704
2022-09-01,333,1019405,1130361,454,1157610,992611,175816,2012869,271891,0,0,41223,54,0,0,2326037
2022-09-02,81,1019409,1130369,454,1157612,992621,175896,2012941,271911,0,0,41223,54,0,0,2326129
2022-09-03,175,1019483,1130439,454,1157661,992716,175927,2012960,271927,0,0,41363,54,0,0,2326304
2022-09-04,0,1019409,1130369,454,1157612,992621,175896,2012941,271911,0,0,41223,54,0,0,2326129
2022-09-05,39,1019488,1130446,454,1157665,992724,175954,2012988,271927,0,0,41374,54,0,0,2326343
2022-09-06,420,1019519,1130468,454,1157674,992768,176321,2013392,271943,0,0,41374,54,0,0,2326763
2022-09-07,8,1019521,1130468,454,1157674,992770,176327,2013400,271943,0,0,41374,54,0,0,2326771
2022-09-08,0,1019521,1130468,454,1157674,992770,176327,2013400,271943,0,0,41374,54,0,0,2326771
2022-09-09,11,1019521,1130468,454,1157674,992770,176338,2013411,271943,0,0,41374,54,0,0,2326782
2022-09-10,30,1019526,1130470,454,1157677,992774,176361,2013437,271943,0,0,41378,54,0,0,2326812
2022-09-11,0,1019526,1130470,454,1157677,992774,176361,2013437,271943,0,0,41378,54,0,0,2326812
2022-09-12,18,1019527,1130472,454,1157677,992777,176376,2013455,271943,0,0,41378,54,0,0,2326830
2022-09-13,573,1019559,1130501,454,1157687,992828,176886,2014020,271949,0,0,41378,54,0,0,2327401
2022-09-14,11,1019560,1130501,454,1157688,992828,176904,2014039,271949,0,0,41378,54,0,0,2327420
2022-09-15,309,1019597,1130548,454,1157702,992898,177129,2014248,272047,0,0,41380,54,0,0,2327729
2022-09-16,262,1019683,1130604,454,1157745,992997,177261,2014354,272131,0,0,41464,54,0,0,2328003
2022-09-17,504,1019839,1130777,454,1157849,993222,177436,2014506,272178,0,0,41769,54,0,0,2328507
2022-09-18,0,1019839,1130778,454,1157849,993223,177436,2014507,272178,0,0,41769,54,0,0,2328508
2022-09-19,106,1019845,1130783,454,1157850,993233,177531,2014585,272206,0,0,41769,54,0,0,2328614
2022-09-20,680,1019906,1130845,454,1157863,993343,178088,2015187,272244,0,0,41809,54,0,0,2329294
2022-09-21,64,1019917,1130863,454,1157866,993369,178154,2015248,272274,0,0,41813,54,0,0,2329389
2022-09-22,533,1019965,1130905,454,1157891,993434,178597,2015665,272371,0,0,41832,54,0,0,2329922
2022-09-23,7,1019971,1130906,454,1157893,993439,178597,2015665,272371,0,0,41839,54,0,0,2329929
2022-09-24,211,1020031,1130961,454,1157925,993522,178693,2015756,272402,0,0,41928,54,0,0,2330140
2022-09-25,0,1020031,1130961,454,1157925,993522,178692,2015755,272402,0,0,41928,54,0,0,2330139
2022-09-26,51,1020033,1130964,454,1157927,993525,178738,2015801,272407,0,0,41928,54,0,0,2330190
2022-09-27,833,1020105,1131056,454,1157962,993654,179404,2016549,272445,0,0,41972,54,0,0,2331020
2022-09-28,54,1020109,1131057,454,1157963,993658,179458,2016608,272445,0,0,41972,54,0,0,2331079
2022-09-29,306,1020150,1131091,454,1157985,993711,179689,2016803,272554,0,0,41974,54,0,0,2331385
2022-09-30,44,1020155,1131099,454,1157987,993722,179737,2016847,272571,0,0,41974,54,0,0,2331446
2022-10-01,135,1020198,1131150,454,1158019,993784,179778,2016890,272588,0,0,42049,54,0,0,2331581
2022-10-02,0,1020198,1131150,454,1158019,993784,179777,2016889,272588,0,0,42049,54,0,0,2331580
2022-10-03,147,1020213,1131163,454,1158022,993809,179896,2017014,272599,0,0,42060,54,0,0,2331727
2022-10-04,76,1020219,1131167,454,1158026,993815,179965,2017090,272599,0,0,42063,54,0,0,2331806
2022-10-05,11,1020220,1131168,454,1158026,993817,179973,2017100,272599,0,0,42063,54,0,0,2331816
2022-10-06,278,1020250,1131194,454,1158041,993858,180195,2017342,272635,0,0,42063,54,0,0,2332094
2022-10-07,301,1020303,1131234,454,1158073,993919,180451,2017628,272656,0,0,42105,54,0,0,2332443
2022-10-08,110,1020338,1131265,454,1158098,993960,180495,2017673,272673,0,0,42153,54,0,0,2332553
2022-10-09,0,1020338,1131265,454,1158098,993960,180495,2017673,272673,0,0,42153,54,0,0,2332553
2022-10-10,43,1020344,1131271,454,1158100,993970,180526,2017694,272694,0,0,42154,54,0,0,2332596
2022-10-11,451,1020389,1131313,455,1158119,994039,180889,2018090,272745,0,0,42158,54,0,0,2333047
2022-10-12,7,1020389,1131314,455,1158119,994040,180895,2018097,272745,0,0,42158,54,0,0,2333054
2022-10-13,487,1020444,1131370,455,1158153,994117,181271,2018442,272870,0,0,42175,54,0,0,2333541
2022-10-14,49,1020446,1131372,455,1158153,994121,181318,2018485,272878,0,0,42175,54,0,0,2333592
2022-10-15,231,1020512,1131419,455,1158189,994198,181436,2018590,272918,0,0,42261,54,0,0,2333823
2022-10-16,0,1020514,1131420,455,1158191,994199,181453,2018594,272934,0,0,42261,54,0,0,2333843
2022-10-17,84,1020517,1131423,455,1158191,994205,181531,2018653,272959,0,0,42261,54,0,0,2333927
2022-10-18,445,1020556,1131476,455,1158211,994277,181884,2019082,272972,0,0,42264,54,0,0,2334372
2022-10-19,6,1020559,1131482,455,1158212,994285,181886,2019082,272979,0,0,42268,54,0,0,2334383
2022-10-20,241,1020582,1131505,455,1158224,994319,182082,2019274,273017,0,0,42280,54,0,0,2334625
2022-10-21,26,1020584,1131508,455,1158224,994324,182106,2019302,273018,0,0,42280,54,0,0,2334654
2022-10-22,148,1020614,1131546,455,1158237,994379,182160,2019359,273040,0,0,42323,54,0,0,2334776
2022-10-23,0,1020616,1131549,455,1158237,994384,182181,2019384,273041,0,0,42323,54,0,0,2334802
2022-10-24,13,1020621,1131552,455,1158239,994390,182186,2019386,273052,0,0,42323,54,0,0,2334815
2022-10-25,302,1020652,1131587,455,1158253,994442,182423,2019662,273079,0,0,42323,54,0,0,2335118
2022-10-26,34,1020655,1131588,455,1158254,994445,182465,2019703,273084,0,0,42323,54,0,0,2335164
2022-10-27,228,1020681,1131606,455,1158270,994473,182649,2019923,273092,0,0,42323,54,0,0,2335392
2022-10-28,15,1020683,1131607,455,1158270,994476,182661,2019936,273094,0,0,42323,54,0,0,2335407
2022-10-29,5,1020683,1131607,455,1158270,994476,182666,2019941,273094,0,0,42323,54,0,0,2335412
2022-10-30,0,1020683,1131607,455,1158270,994476,182666,2019941,273094,0,0,42323,54,0,0,2335412
2022-10-31,15,1020683,1131607,455,1158270,994476,182681,2019956,273094,0,0,42323,54,0,0,2335427
2022-11-01,238,1020716,1131629,455,1158280,994521,182864,2020192,273096,0,0,42323,54,0,0,2335665
2022-11-02,21,1020721,1131631,455,1158283,994525,182879,2020214,273096,0,0,42323,54,0,0,2335687
2022-11-03,169,1020736,1131649,455,1158289,994552,183015,2020377,273102,0,0,42323,54,0,0,2335856
2022-11-04,94,1020742,1131654,455,1158291,994561,183103,2020476,273102,0,0,42323,54,0,0,2335955
2022-11-05,60,1020747,1131656,455,1158291,994568,183156,2020516,273122,0,0,42323,54,0,0,2336015
2022-11-06,0,1020748,1131656,455,1158291,994569,183156,2020516,273123,0,0,42323,54,0,0,2336016
2022-11-07,26,1020749,1131659,455,1158294,994570,183178,2020542,273123,0,0,42323,54,0,0,2336042
2022-11-08,245,1020786,1131688,455,1158313,994617,183358,2020765,273146,0,0,42323,54,0,0,2336288
2022-11-09,31,1020791,1131694,455,1158315,994626,183384,2020796,273152,0,0,42323,54,0,0,2336325
2022-11-10,193,1020812,1131717,455,1158321,994664,183533,2020971,273170,0,0,42323,54,0,0,2336518
2022-11-11,43,1020816,1131725,455,1158323,994674,183564,2021012,273172,0,0,42323,54,0,0,2336561
2022-11-12,0,1020816,1131725,455,1158323,994674,183564,2021012,273172,0,0,42323,54,0,0,2336561
2022-11-13,0,1020816,1131725,455,1158323,994674,183564,2021012,273172,0,0,42323,54,0,0,2336561
2022-11-14,31,1020832,1131729,455,1158325,994692,183575,2021020,273195,0,0,42323,54,0,0,2336592
2022-11-15,265,1020864,1131760,455,1158341,994739,183777,2021264,273216,0,0,42323,54,0,0,2336857
2022-11-16,10,1020865,1131760,455,1158341,994740,183785,2021270,273219,0,0,42323,54,0,0,2336866
2022-11-17,146,1020899,1131780,455,1158360,994775,183887,2021412,273233,0,0,42323,54,0,0,2337022
2022-11-18,110,1020900,1131781,455,1158361,994776,183890,2021417,273233,0,0,42323,54,0,0,2337027
2022-11-19,10,1020905,1131788,455,1158361,994788,183998,2021533,273237,0,0,42323,54,0,0,2337147
2022-11-20,0,1020905,1131788,455,1158361,994788,183998,2021533,273237,0,0,42323,54,0,0,2337147
2022-11-21,12,1020907,1131789,455,1158362,994790,184007,2021542,273240,0,0,42323,54,0,0,2337159
2022-11-22,272,1020942,1131824,455,1158378,994844,184208,2021775,273277,0,0,42323,55,0,0,2337430
2022-11-23,33,1020947,1131824,455,1158380,994847,184236,2021808,273277,0,0,42323,55,0,0,2337463
2022-11-24,160,1020970,1131839,455,1158389,994876,184358,2021936,273309,0,0,42323,55,0,0,2337623
2022-11-25,37,1020971,1131843,455,1158390,994880,184389,2021970,273311,0,0,42323,55,0,0,2337659
2022-11-26,83,1020973,1131845,455,1158391,994883,184468,2022049,273315,0,0,42323,55,0,0,2337742
2022-11-27,0,1020972,1131845,455,1158391,994882,184468,2022048,273315,0,0,42323,55,0,0,2337741
2022-11-28,24,1020975,1131850,455,1158394,994887,184484,2022072,273315,0,0,42323,55,0,0,2337765
2022-11-29,94,1020988,1131859,455,1158401,994902,184556,2022162,273319,0,0,42323,55,0,0,2337859
2022-11-30,15,1020990,1131861,455,1158404,994903,184573,2022182,273320,0,0,42323,55,0,0,2337880
2022-12-01,53,1021002,1131868,455,1158408,994918,184608,2022234,273322,0,0,42323,55,0,0,2337934
2022-12-02,9,1021004,1131870,455,1158408,994922,184614,2022244,273322,0,0,42323,55,0,0,2337944
2022-12-03,9,1021006,1131873,455,1158410,994925,184618,2022247,273328,0,0,42323,55,0,0,2337953
2022-12-04,0,1021006,1131873,455,1158410,994925,184618,2022247,273328,0,0,42323,55,0,0,2337953
2022-12-05,0,1021006,1131873,455,1158410,994925,184618,2022247,273328,0,0,42323,55,0,0,2337953
2022-12-06,48,1021016,1131888,455,1158415,994945,184641,2022278,273345,0,0,42323,55,0,0,2338001
2022-12-07,20,1021016,1131888,455,1158415,994945,184661,2022288,273355,0,0,42323,55,0,0,2338021
2022-12-08,29,1021023,1131893,455,1158418,994954,184678,2022308,273364,0,0,42323,55,0,0,2338050
2022-12-09,12,1021024,1131893,455,1158419,994954,184689,2022320,273364,0,0,42323,55,0,0,2338062
2022-12-10,0,1021024,1131893,455,1158419,994954,184689,2022320,273364,0,0,42323,55,0,0,2338062
2022-12-11,0,1021024,1131893,455,1158419,994954,184689,2022320,273364,0,0,42323,55,0,0,2338062
2022-12-12,9,1021024,1131893,455,1158419,994954,184689,2022320,273364,0,0,42323,55,0,0,2338062
2022-12-13,31,1021037,1131899,455,1158425,994967,184710,2022360,273364,0,0,42323,55,0,0,2338102
2022-12-14,1,1021028,1131895,455,1158419,994960,184693,2022329,273365,0,0,42323,55,0,0,2338072
2022-12-15,26,1021041,1131902,455,1158428,994971,184730,2022382,273369,0,0,42323,55,0,0,2338129
2022-12-16,20,1021044,1131903,455,1158430,994973,184746,2022402,273369,0,0,42323,55,0,0,2338149
2022-12-17,11,1021048,1131905,455,1158430,994979,184751,2022409,273373,0,0,42323,55,0,0,2338160
2022-12-18,0,1021048,1131905,455,1158430,994979,184751,2022409,273373,0,0,42323,55,0,0,2338160
2022-12-19,4,1021050,1131905,455,1158431,994980,184753,2022413,273373,0,0,42323,55,0,0,2338164
2022-12-20,48,1021056,1131915,455,1158436,994991,184785,2022454,273380,0,0,42323,55,0,0,2338212
2022-12-21,13,1021057,1131915,455,1158436,994992,184797,2022464,273383,0,0,42323,55,0,0,2338225
2022-12-22,60,1021068,1131925,455,1158441,995008,184836,2022494,273413,0,0,42323,55,0,0,2338285
2022-12-23,72,1021078,1131934,455,1158443,995025,184889,2022524,273455,0,0,42323,55,0,0,2338357
2022-12-24,29,1021082,1131937,455,1158447,995028,184911,2022546,273462,0,0,42323,55,0,0,2338386
2022-12-25,0,1021082,1131937,455,1158447,995028,184912,2022546,273463,0,0,42323,55,0,0,2338387
2022-12-26,77,1021099,1131948,455,1158453,995050,184961,2022577,273509,0,0,42323,55,0,0,2338464
2022-12-27,121,1021120,1131964,455,1158464,995076,185044,2022674,273532,0,0,42323,55,0,0,2338584
2022-12-28,55,1021131,1131974,455,1158472,995089,185078,2022695,273566,0,0,42323,55,0,0,2338639
2022-12-29,126,1021154,1131993,456,1158486,995118,185166,2022776,273616,0,0,42323,55,0,0,2338770
2022-12-30,45,1021164,1132003,456,1158494,995130,185191,2022787,273650,0,0,42323,55,0,0,2338815
2022-12-31,40,1021168,1132009,456,1158496,995138,185221,2022811,273666,0,0,42323,55,0,0,2338855
2023-01-01,0,1021168,1132009,456,1158496,995138,185221,2022811,273666,0,0,42323,55,0,0,2338855
2023-01-02,12,1021170,1132011,456,1158497,995141,185229,2022823,273666,0,0,42323,55,0,0,2338867
2023-01-03,111,1021190,1132024,456,1158507,995164,185307,2022934,273666,0,0,42323,55,0,0,2338978
2023-01-04,11,1021191,1132025,456,1158508,995165,185315,2022944,273666,0,0,42323,55,0,0,2338988
2023-01-05,54,1021200,1132034,456,1158513,995178,185351,2022998,273666,0,0,42323,55,0,0,2339042
2023-01-06,21,1021208,1132036,456,1158516,995185,185362,2023019,273666,0,0,42323,55,0,0,2339063
2023-01-07,22,1021209,1132037,456,1158517,995186,185382,2023041,273666,0,0,42323,55,0,0,2339085
2023-01-08,0,1021209,1132037,456,1158517,995186,185382,2023041,273666,0,0,42323,55,0,0,2339085
2023-01-09,12,1021215,1132038,456,1158521,995189,185387,2023053,273666,0,0,42323,55,0,0,2339097
2023-01-10,80,1021223,1132050,456,1158527,995203,185435,2023121,273666,0,0,42323,55,0,0,2339165
2023-01-11,4,1021231,1132051,456,1158531,995208,185442,2023137,273666,0,0,42323,55,0,0,2339181
2023-01-12,47,1021239,1132064,456,1158535,995225,185464,2023175,273671,0,0,42323,55,0,0,2339224
2023-01-13,21,1021245,1132065,456,1158537,995230,185482,2023200,273671,0,0,42323,55,0,0,2339249
2023-01-14,11,1021246,1132065,456,1158537,995231,185492,2023211,273671,0,0,42323,55,0,0,2339260
2023-01-15,0,1021246,1132065,456,1158537,995231,185492,2023211,273671,0,0,42323,55,0,0,2339260
2023-01-16,11,1021248,1132066,456,1158537,995234,185500,2023222,273671,0,0,42323,55,0,0,2339271
2023-01-17,78,1021265,1132076,456,1158545,995253,185551,2023297,273674,0,0,42323,55,0,0,2339349
2023-01-18,11,1021267,1132078,456,1158547,995255,185558,2023308,273674,0,0,42323,55,0,0,2339360
2023-01-19,84,1021275,1132086,456,1158554,995264,185626,2023387,273679,0,0,42323,55,0,0,2339444
2023-01-20,62,1021282,1132096,456,1158560,995275,185672,2023450,273679,0,0,42323,55,0,0,2339507
2023-01-21,11,1021283,1132098,456,1158560,995278,185681,2023462,273679,0,0,42323,55,0,0,2339519
2023-01-22,0,1021283,1132098,456,1158560,995278,185681,2023462,273679,0,0,42323,55,0,0,2339519
2023-01-23,10,1021283,1132101,456,1158561,995280,185688,2023472,273679,0,0,42323,55,0,0,2339529
2023-01-24,21,1021287,1132105,456,1158562,995287,185701,2023492,273680,0,0,42323,55,0,0,2339550
2023-01-25,39,1021296,1132114,456,1158566,995301,185722,2023531,273680,0,0,42323,55,0,0,2339589
2023-01-26,17,1021298,1132114,456,1158567,995302,185737,2023548,273680,0,0,42323,55,0,0,2339606
2023-01-27,18,1021298,1132116,456,1158567,995304,185752,2023563,273682,0,0,42323,55,0,0,2339623
2023-01-28,27,1021304,1132128,456,1158570,995319,185761,2023580,273692,0,0,42323,55,0,0,2339650
2023-01-29,0,1021304,1132128,456,1158570,995319,185761,2023580,273692,0,0,42323,55,0,0,2339650
2023-01-30,16,1021304,1132128,456,1158570,995319,185761,2023580,273692,0,0,42323,55,0,0,2339650
2023-01-31,30,1021319,1132138,456,1158577,995337,185782,2023622,273696,0,0,42323,55,0,0,2339696
2023-02-01,4,1021321,1132138,456,1158577,995339,185784,2023626,273696,0,0,42323,55,0,0,2339700
2023-02-02,38,1021333,1132147,456,1158581,995356,185801,2023662,273698,0,0,42323,55,0,0,2339738
2023-02-03,7,1021334,1132148,456,1158581,995358,185806,2023669,273698,0,0,42323,55,0,0,2339745
2023-02-04,0,1021334,1132148,456,1158581,995358,185806,2023669,273698,0,0,42323,55,0,0,2339745
2023-02-05,0,1021334,1132148,456,1158581,995358,185806,2023669,273698,0,0,42323,55,0,0,2339745
2023-02-06,0,1021334,1132147,456,1158581,995357,185806,2023668,273698,0,0,42323,55,0,0,2339744
2023-02-07,6,1021334,1132149,456,1158581,995359,185810,2023673,273699,0,0,42323,55,0,0,2339750
2023-02-08,0,1021334,1132149,456,1158581,995359,185810,2023673,273699,0,0,42323,55,0,0,2339750
2023-02-09,8,1021341,1132149,456,1158583,995364,185811,2023673,273707,0,0,42323,55,0,0,2339758
2023-02-10,2,1021342,1132150,456,1158584,995365,185811,2023673,273709,0,0,42323,55,0,0,2339760
2023-02-11,0,1021342,1132150,456,1158584,995365,185811,2023673,273709,0,0,42323,55,0,0,2339760
2023-02-12,0,1021342,1132150,456,1158584,995365,185811,2023673,273709,0,0,42323,55,0,0,2339760
2023-02-13,0,1021342,1132150,456,1158584,995365,185811,2023673,273709,0,0,42323,55,0,0,2339760
2023-02-14,2,1021343,1132150,456,1158585,995365,185812,2023673,273711,0,0,42323,55,0,0,2339762
2023-02-15,1,1021344,1132150,456,1158586,995365,185812,2023673,273712,0,0,42323,55,0,0,2339763
2023-02-16,19,1021350,1132155,456,1158590,995372,185820,2023688,273716,0,0,42323,55,0,0,2339782
2023-02-17,16,1021356,1132159,456,1158592,995380,185826,2023704,273716,0,0,42323,55,0,0,2339798
2023-02-18,16,1021361,1132162,456,1158595,995385,185834,2023720,273716,0,0,42323,55,0,0,2339814
2023-02-19,0,1021361,1132162,456,1158595,995385,185834,2023720,273716,0,0,42323,55,0,0,2339814
2023-02-20,27,1021366,1132170,456,1158598,995395,185848,2023746,273717,0,0,42323,55,0,0,2339841
2023-02-21,45,1021382,1132184,456,1158606,995417,185862,2023777,273730,0,0,42323,55,0,0,2339885
2023-02-22,19,1021392,1132187,456,1158606,995430,185868,2023796,273730,0,0,42323,55,0,0,2339904
2023-02-23,36,1021409,1132190,456,1158611,995445,185885,2023825,273738,0,0,42323,55,0,0,2339941
2023-02-24,15,1021415,1132192,456,1158613,995451,185892,2023839,273739,0,0,42323,55,0,0,2339956
2023-02-25,20,1021424,1132196,456,1158615,995462,185899,2023857,273741,0,0,42323,55,0,0,2339976
2023-02-26,0,1021424,1132196,456,1158615,995462,185899,2023857,273741,0,0,42323,55,0,0,2339976
2023-02-27,21,1021428,1132201,456,1158617,995469,185911,2023867,273752,0,0,42323,55,0,0,2339997
2023-02-28,15,1021433,1132204,456,1158617,995477,185919,2023880,273755,0,0,42323,55,0,0,2340013
2023-03-01,10,1021435,1132205,456,1158618,995479,185926,2023890,273755,0,0,42323,55,0,0,2340023
2023-03-02,15,1021439,1132209,456,1158620,995485,185933,2023905,273755,0,0,42323,55,0,0,2340038
2023-03-03,8,1021441,1132211,456,1158620,995489,185936,2023912,273755,0,0,42323,55,0,0,2340045
2023-03-04,6,1021443,1132211,456,1158620,995491,185940,2023918,273755,0,0,42323,55,0,0,2340051
2023-03-05,0,1021443,1132211,456,1158620,995491,185940,2023918,273755,0,0,42323,55,0,0,2340051
2023-03-06,19,1021450,1132214,456,1158624,995497,185949,2023934,273758,0,0,42323,55,0,0,2340070
2023-03-07,11,1021454,1132216,456,1158625,995502,185954,2023945,273758,0,0,42323,55,0,0,2340081
2023-03-08,13,1021460,1132217,456,1158628,995506,185960,2023958,273758,0,0,42323,55,0,0,2340094
2023-03-09,25,1021467,1132221,456,1158630,995515,185972,2023969,273770,0,0,42323,55,0,0,2340117
2023-03-10,16,1021473,1132226,456,1158634,995522,185977,2023984,273771,0,0,42323,55,0,0,2340133
2023-03-11,13,1021477,1132228,456,1158635,995527,185984,2023997,273771,0,0,42323,55,0,0,2340146
2023-03-12,0,1021477,1132228,456,1158635,995527,185984,2023997,273771,0,0,42323,55,0,0,2340146
2023-03-13,16,1021480,1132231,456,1158636,995532,185994,2024011,273773,0,0,42323,55,0,0,2340162
2023-03-14,17,1021480,1132231,456,1158636,995532,185995,2024011,273774,0,0,42323,55,0,0,2340163
2023-03-15,13,1021489,1132233,456,1158639,995540,186014,2024037,273778,0,0,42323,55,0,0,2340193
2023-03-16,22,1021498,1132238,456,1158644,995549,186022,2024053,273784,0,0,42323,55,0,0,2340215
2023-03-17,18,1021503,1132244,456,1158648,995556,186029,2024067,273788,0,0,42323,55,0,0,2340233
2023-03-18,14,1021504,1132249,456,1158649,995561,186037,2024079,273790,0,0,42323,55,0,0,2340247
2023-03-19,0,1021504,1132249,456,1158649,995561,186037,2024079,273790,0,0,42323,55,0,0,2340247
2023-03-20,22,1021511,1132250,456,1158650,995568,186051,2024098,273793,0,0,42323,55,0,0,2340269
2023-03-21,10,1021513,1132254,456,1158650,995574,186055,2024104,273797,0,0,42323,55,0,0,2340279
2023-03-22,15,1021513,1132259,456,1158653,995576,186065,2024119,273797,0,0,42323,55,0,0,2340294
2023-03-23,21,1021522,1132263,456,1158655,995587,186073,2024132,273805,0,0,42323,55,0,0,2340315
2023-03-24,24,1021532,1132268,456,1158662,995595,186082,2024152,273809,0,0,42323,55,0,0,2340339
2023-03-25,16,1021536,1132270,456,1158662,995601,186092,2024167,273810,0,0,42323,55,0,0,2340355
2023-03-26,0,1021536,1132270,456,1158662,995601,186092,2024167,273810,0,0,42323,55,0,0,2340355
2023-03-27,8,1021538,1132271,456,1158664,995602,186097,2024174,273811,0,0,42323,55,0,0,2340363
2023-03-28,13,1021545,1132273,456,1158664,995611,186101,2024185,273813,0,0,42323,55,0,0,2340376
2023-03-29,19,1021550,1132280,456,1158668,995619,186108,2024197,273820,0,0,42323,55,0,0,2340395
2023-03-30,11,1021554,1132284,456,1158670,995625,186111,2024207,273821,0,0,42323,55,0,0,2340406
2023-03-31,23,1021563,1132288,456,1158672,995636,186121,2024222,273829,0,0,42323,55,0,0,2340429
2023-04-01,12,1021567,1132288,456,1158673,995639,186129,2024234,273829,0,0,42323,55,0,0,2340441
2023-04-02,2,1021568,1132289,456,1158673,995641,186129,2024236,273829,0,0,42323,55,0,0,2340443
2023-04-03,22,1021570,1132297,456,1158676,995648,186141,2024258,273829,0,0,42323,55,0,0,2340465
2023-04-04,19,1021574,1132301,456,1158677,995655,186153,2024277,273830,0,0,42323,55,0,0,2340485
2023-04-05,25,1021581,1132306,456,1158681,995663,186166,2024302,273830,0,0,42323,55,0,0,2340510
2023-04-06,6,1021581,1132306,456,1158681,995663,186172,2024308,273830,0,0,42323,55,0,0,2340516
2023-04-07,0,1021581,1132306,456,1158681,995663,186172,2024308,273830,0,0,42323,55,0,0,2340516
2023-04-08,0,1021581,1132306,456,1158681,995663,186172,2024308,273830,0,0,42323,55,0,0,2340516
2023-04-09,0,1021581,1132306,456,1158681,995663,186172,2024308,273830,0,0,42323,55,0,0,2340516
2023-04-10,0,1021581,1132306,456,1158681,995663,186172,2024308,273830,0,0,42323,55,0,0,2340516
2023-04-11,0,1021581,1132306,456,1158681,995663,186172,2024308,273830,0,0,42323,55,0,0,2340516
2023-04-12,0,1021581,1132306,456,1158681,995663,186172,2024308,273830,0,0,42323,55,0,0,2340516
2023-04-13,0,1021581,1132306,456,1158681,995663,186172,2024308,273830,0,0,42323,55,0,0,2340516
2023-04-14,0,1021581,1132306,456,1158681,995663,186172,2024308,273830,0,0,42323,55,0,0,2340516
2023-04-15,0,1021581,1132306,456,1158681,995663,186172,2024308,273830,0,0,42323,55,0,0,2340516
2023-04-16,0,1021581,1132306,456,1158681,995663,186172,2024308,273830,0,0,42323,55,0,0,2340516
2023-04-17,0,1021581,1132306,456,1158681,995663,186172,2024308,273830,0,0,42323,55,0,0,2340516
2023-04-18,0,1021581,1132306,456,1158681,995663,186172,2024308,273830,0,0,42323,55,0,0,2340516
2023-04-19,0,1021581,1132306,456,1158681,995663,186172,2024308,273830,0,0,42323,55,0,0,2340516
2023-04-20,0,1021581,1132306,456,1158681,995663,186172,2024308,273830,0,0,42323,55,0,0,2340516
2023-04-21,0,1021581,1132306,456,1158681,995663,186172,2024308,273830,0,0,42323,55,0,0,2340516
2023-04-22,0,1021581,1132306,456,1158681,995663,186172,2024308,273830,0,0,42323,55,0,0,2340516
2023-04-23,0,1021581,1132306,456,1158681,995663,186172,2024308,273830,0,0,42323,55,0,0,2340516
2023-04-24,0,1021581,1132306,456,1158681,995663,186172,2024308,273830,0,0,42323,55,0,0,2340516
2023-04-25,0,1021581,1132306,456,1158681,995663,186172,2024308,273830,0,0,42323,55,0,0,2340516
2023-04-26,0,1021581,1132306,456,1158681,995663,186172,2024308,273830,0,0,42323,55,0,0,2340516
2023-04-27,0,1021581,1132306,456,1158681,995663,186172,2024308,273830,0,0,42323,55,0,0,2340516
2023-04-28,0,1021581,1132306,456,1158681,995663,186172,2024308,273830,0,0,42323,55,0,0,2340516
2023-04-29,0,1021581,1132306,456,1158681,995663,186172,2024308,273830,0,0,42323,55,0,0,2340516
2023-04-30,0,1021581,1132306,456,1158681,995663,186172,2024308,273830,0,0,42323,55,0,0,2340516
2023-05-01,0,1021581,1132306,456,1158681,995663,186172,2024308,273830,0,0,42323,55,0,0,2340516
2023-05-02,0,1021581,1132306,456,1158681,995663,186172,2024308,273830,0,0,42323,55,0,0,2340516
2023-05-03,0,1021581,1132306,456,1158681,995663,186172,2024308,273830,0,0,42323,55,0,0,2340516
2023-05-04,0,1021581,1132306,456,1158681,995663,186172,2024308,273830,0,0,42323,55,0,0,2340516
2023-05-05,0,1021581,1132306,456,1158681,995663,186172,2024308,273830,0,0,42323,55,0,0,2340516
2023-05-06,0,1021581,1132306,456,1158681,995663,186172,2024308,273830,0,0,42323,55,0,0,2340516
2023-05-07,0,1021581,1132306,456,1158681,995663,186172,2024308,273830,0,0,42323,55,0,0,2340516
2023-05-08,0,1021581,1132306,456,1158681,995663,186172,2024308,273830,0,0,42323,55,0,0,2340516
2023-05-09,0,1021581,1132306,456,1158681,995663,186172,2024308,273830,0,0,42323,55,0,0,2340516
2023-05-10,0,1021581,1132306,456,1158681,995663,186172,2024308,273830,0,0,42323,55,0,0,2340516
2023-05-11,0,1021581,1132306,456,1158681,995663,186172,2024308,273830,0,0,42323,55,0,0,2340516
2023-05-12,0,1021581,1132306,456,1158681,995663,186172,2024308,273830,0,0,42323,55,0,0,2340516
2023-05-13,0,1021581,1132306,456,1158681,995663,186172,2024308,273830,0,0,42323,55,0,0,2340516
2023-05-14,0,1021581,1132306,456,1158681,995663,186172,2024308,273830,0,0,42323,55,0,0,2340516
2023-05-15,0,1021581,1132306,456,1158681,995663,186172,2024308,273830,0,0,42323,55,0,0,2340516
2023-05-16,0,1021581,1132306,456,1158681,995663,186172,2024308,273830,0,0,42323,55,0,0,2340516
2023-05-17,0,1021581,1132306,456,1158681,995663,186172,2024308,273830,0,0,42323,55,0,0,2340516
2023-05-18,0,1021581,1132306,456,1158681,995663,186172,2024308,273830,0,0,42323,55,0,0,2340516
2023-05-19,0,1021581,1132306,456,1158681,995663,186172,2024308,273830,0,0,42323,55,0,0,2340516
2023-05-20,0,1021581,1132306,456,1158681,995663,186172,2024308,273830,0,0,42323,55,0,0,2340516
2023-05-21,0,1021581,1132306,456,1158681,995663,186172,2024308,273830,0,0,42323,55,0,0,2340516
2023-05-22,0,1021581,1132306,456,1158681,995663,186172,2024308,273830,0,0,42323,55,0,0,2340516
2023-05-23,0,1021581,1132306,456,1158681,995663,186172,2024308,273830,0,0,42323,55,0,0,2340516
2023-05-24,0,1021581,1132306,456,1158681,995663,186172,2024308,273830,0,0,42323,55,0,0,2340516
2023-05-25,0,1021581,1132306,456,1158681,995663,186172,2024308,273830,0,0,42323,55,0,0,2340516
2023-05-26,0,1021581,1132306,456,1158681,995663,186172,2024308,273830,0,0,42323,55,0,0,2340516
2023-05-27,0,1021581,1132306,456,1158681,995663,186172,2024308,273830,0,0,42323,55,0,0,2340516
2023-05-28,0,1021581,1132306,456,1158681,995663,186172,2024308,273830,0,0,42323,55,0,0,2340516
2023-05-29,0,1021581,1132306,456,1158681,995663,186172,2024308,273830,0,0,42323,55,0,0,2340516
2023-05-30,0,1021581,1132306,456,1158681,995663,186172,2024308,273830,0,0,42323,55,0,0,2340516
2023-05-31,0,1021581,1132306,456,1158681,995663,186172,2024308,273830,0,0,42323,55,0,0,2340516
2023-06-01,0,1021581,1132306,456,1158681,995663,186172,2024308,273830,0,0,42323,55,0,0,2340516
2023-06-02,0,1021581,1132306,456,1158681,995663,186172,2024308,273830,0,0,42323,55,0,0,2340516
2023-06-03,0,1021581,1132306,456,1158681,995663,186172,2024308,273830,0,0,42323,55,0,0,2340516
2023-06-04,0,1021581,1132306,456,1158681,995663,186172,2024308,273830,0,0,42323,55,0,0,2340516
2023-06-05,0,1021581,1132306,456,1158681,995663,186172,2024308,273830,0,0,42323,55,0,0,2340516
2023-06-06,0,1021581,1132306,456,1158681,995663,186172,2024308,273830,0,0,42323,55,0,0,2340516
2023-06-07,0,1021581,1132306,456,1158681,995663,186172,2024308,273830,0,0,42323,55,0,0,2340516
2023-06-08,0,1021581,1132306,456,1158681,995663,186172,2024308,273830,0,0,42323,55,0,0,2340516
2023-06-09,0,1021581,1132306,456,1158681,995663,186172,2024308,273830,0,0,42323,55,0,0,2340516
2023-06-10,0,1021581,1132306,456,1158681,995663,186172,2024308,273830,0,0,42323,55,0,0,2340516
2023-06-11,0,1021581,1132306,456,1158681,995663,186172,2024308,273830,0,0,42323,55,0,0,2340516
2023-06-12,0,1021581,1132306,456,1158681,995663,186172,2024308,273830,0,0,42323,55,0,0,2340516
2023-06-13,0,1021581,1132306,456,1158681,995663,186172,2024308,273830,0,0,42323,55,0,0,2340516
2023-06-14,0,1021581,1132306,456,1158681,995663,186172,2024308,273830,0,0,42323,55,0,0,2340516
2023-06-15,0,1021581,1132306,456,1158681,995663,186172,2024308,273830,0,0,42323,55,0,0,2340516
2023-06-16,0,1021581,1132306,456,1158681,995663,186172,2024308,273830,0,0,42323,55,0,0,2340516
2023-06-17,0,1021581,1132306,456,1158681,995663,186172,2024308,273830,0,0,42323,55,0,0,2340516
2023-06-18,0,1021581,1132306,456,1158681,995663,186172,2024308,273830,0,0,42323,55,0,0,2340516
2023-06-19,0,1021581,1132306,456,1158681,995663,186172,2024308,273830,0,0,42323,55,0,0,2340516
2023-06-20,0,1021581,1132306,456,1158681,995663,186172,2024308,273830,0,0,42323,55,0,0,2340516
2023-06-21,0,1021581,1132306,456,1158681,995663,186172,2024308,273830,0,0,42323,55,0,0,2340516
2023-06-22,0,1021581,1132306,456,1158681,995663,186172,2024308,273830,0,0,42323,55,0,0,2340516
2023-06-23,0,1021581,1132306,456,1158681,995663,186172,2024308,273830,0,0,42323,55,0,0,2340516
2023-06-24,0,1021581,1132306,456,1158681,995663,186172,2024308,273830,0,0,42323,55,0,0,2340516
2023-06-25,0,1021581,1132306,456,1158681,995663,186172,2024308,273830,0,0,42323,55,0,0,2340516
2023-06-26,0,1021581,1132306,456,1158681,995663,186172,2024308,273830,0,0,42323,55,0,0,2340516
2023-06-27,0,1021581,1132306,456,1158681,995663,186172,2024308,273830,0,0,42323,55,0,0,2340516
2023-06-28,0,1021581,1132306,456,1158681,995663,186172,2024308,273830,0,0,42323,55,0,0,2340516
2023-06-29,0,1021581,1132306,456,1158681,995663,186172,2024308,273830,0,0,42323,55,0,0,2340516
2023-06-30,0,1021581,1132306,456,1158681,995663,186172,2024308,273830,0,0,42323,55,0,0,2340516
2023-07-01,0,1021581,1132306,456,1158681,995663,186172,2024308,273830,0,0,42323,55,0,0,2340516
2023-07-02,0,1021581,1132306,456,1158681,995663,186172,2024308,273830,0,0,42323,55,0,0,2340516
2023-07-03,0,1021581,1132306,456,1158681,995663,186172,2024308,273830,0,0,42323,55,0,0,2340516
2023-07-04,0,1021581,1132306,456,1158681,995663,186172,2024308,273830,0,0,42323,55,0,0,2340516
2023-07-05,0,1021581,1132306,456,1158681,995663,186172,2024308,273830,0,0,42323,55,0,0,2340516
2023-07-06,0,1021581,1132306,456,1158681,995663,186172,2024308,273830,0,0,42323,55,0,0,2340516
2023-07-07,0,1021581,1132306,456,1158681,995663,186172,2024308,273830,0,0,42323,55,0,0,2340516
2023-07-08,0,1021581,1132306,456,1158681,995663,186172,2024308,273830,0,0,42323,55,0,0,2340516
2023-07-09,0,1021581,1132306,456,1158681,995663,186172,2024308,273830,0,0,42323,55,0,0,2340516
2023-07-10,0,1021581,1132306,456,1158681,995663,186172,2024308,273830,0,0,42323,55,0,0,2340516
2023-07-11,0,1021581,1132306,456,1158681,995663,186172,2024308,273830,0,0,42323,55,0,0,2340516
2023-07-12,0,1021581,1132306,456,1158681,995663,186172,2024308,273830,0,0,42323,55,0,0,2340516
2023-07-13,0,1021581,1132306,456,1158681,995663,186172,2024308,273830,0,0,42323,55,0,0,2340516
2023-07-14,0,1021581,1132306,456,1158681,995663,186172,2024308,273830,0,0,42323,55,0,0,2340516
2023-07-15,0,1021581,1132306,456,1158681,995663,186172,2024308,273830,0,0,42323,55,0,0,2340516
2023-07-16,0,1021581,1132306,456,1158681,995663,186172,2024308,273830,0,0,42323,55,0,0,2340516
2023-07-17,0,1021581,1132306,456,1158681,995663,186172,2024308,273830,0,0,42323,55,0,0,2340516
2023-07-18,0,1021581,1132306,456,1158681,995663,186172,2024308,273830,0,0,42323,55,0,0,2340516
2023-07-19,0,1021581,1132306,456,1158681,995663,186172,2024308,273830,0,0,42323,55,0,0,2340516
2023-07-20,0,1021581,1132306,456,1158681,995663,186172,2024308,273830,0,0,42323,55,0,0,2340516
2023-07-21,0,1021581,1132306,456,1158681,995663,186172,2024308,273830,0,0,42323,55,0,0,2340516
2023-07-22,0,1021581,1132306,456,1158681,995663,186172,2024308,273830,0,0,42323,55,0,0,2340516
2023-07-23,0,1021581,1132306,456,1158681,995663,186172,2024308,273830,0,0,42323,55,0,0,2340516
2023-07-24,0,1021581,1132306,456,1158681,995663,186172,2024308,273830,0,0,42323,55,0,0,2340516
2023-07-25,0,1021581,1132306,456,1158681,995663,186172,2024308,273830,0,0,42323,55,0,0,2340516
2023-07-26,0,1021581,1132306,456,1158681,995663,186172,2024308,273830,0,0,42323,55,0,0,2340516
2023-07-27,0,1021581,1132306,456,1158681,995663,186172,2024308,273830,0,0,42323,55,0,0,2340516
2023-07-28,0,1021581,1132306,456,1158681,995663,186172,2024308,273830,0,0,42323,55,0,0,2340516
2023-07-29,0,1021581,1132306,456,1158681,995663,186172,2024308,273830,0,0,42323,55,0,0,2340516
2023-07-30,0,1021581,1132306,456,1158681,995663,186172,2024308,273830,0,0,42323,55,0,0,2340516
2023-07-31,0,1021581,1132306,456,1158681,995663,186172,2024308,273830,0,0,42323,55,0,0,2340516
2023-08-01,0,1021581,1132306,456,1158681,995663,186172,2024308,273830,0,0,42323,55,0,0,2340516
2023-08-02,0,1021581,1132306,456,1158681,995663,186172,2024308,273830,0,0,42323,55,0,0,2340516
2023-08-03,0,1021581,1132306,456,1158681,995663,186172,2024308,273830,0,0,42323,55,0,0,2340516
2023-08-04,0,1021581,1132306,456,1158681,995663,186172,2024308,273830,0,0,42323,55,0,0,2340516
2023-08-05,0,1021581,1132306,456,1158681,995663,186172,2024308,273830,0,0,42323,55,0,0,2340516
2023-08-06,0,1021581,1132306,456,1158681,995663,186172,2024308,273830,0,0,42323,55,0,0,2340516
2023-08-07,0,1021581,1132306,456,1158681,995663,186172,2024308,273830,0,0,42323,55,0,0,2340516
2023-08-08,0,1021581,1132306,456,1158681,995663,186172,2024308,273830,0,0,42323,55,0,0,2340516
2023-08-09,0,1021581,1132306,456,1158681,995663,186172,2024308,273830,0,0,42323,55,0,0,2340516
2023-08-10,0,1021581,1132306,456,1158681,995663,186172,2024308,273830,0,0,42323,55,0,0,2340516
2023-08-11,0,1021581,1132306,456,1158681,995663,186172,2024308,273830,0,0,42323,55,0,0,2340516
2023-08-12,0,1021581,1132306,456,1158681,995663,186172,2024308,273830,0,0,42323,55,0,0,2340516
2023-08-13,0,1021581,1132306,456,1158681,995663,186172,2024308,273830,0,0,42323,55,0,0,2340516
2023-08-14,0,1021581,1132306,456,1158681,995663,186172,2024308,273830,0,0,42323,55,0,0,2340516
2023-08-15,0,1021581,1132306,456,1158681,995663,186172,2024308,273830,0,0,42323,55,0,0,2340516
2023-08-16,0,1021581,1132306,456,1158681,995663,186172,2024308,273830,0,0,42323,55,0,0,2340516
2023-08-17,0,1021581,1132306,456,1158681,995663,186172,2024308,273830,0,0,42323,55,0,0,2340516
2023-08-18,0,1021581,1132306,456,1158681,995663,186172,2024308,273830,0,0,42323,55,0,0,2340516
2023-08-19,0,1021581,1132306,456,1158681,995663,186172,2024308,273830,0,0,42323,55,0,0,2340516
2023-08-20,0,1021581,1132306,456,1158681,995663,186172,2024308,273830,0,0,42323,55,0,0,2340516
2023-08-21,0,1021581,1132306,456,1158681,995663,186172,2024308,273830,0,0,42323,55,0,0,2340516
2023-08-22,0,1021581,1132306,456,1158681,995663,186172,2024308,273830,0,0,42323,55,0,0,2340516
2023-08-23,0,1021581,1132306,456,1158681,995663,186172,2024308,273830,0,0,42323,55,0,0,2340516
2023-08-24,0,1021581,1132306,456,1158681,995663,186172,2024308,273830,0,0,42323,55,0,0,2340516
2023-08-25,0,1021581,1132306,456,1158681,995663,186172,2024308,273830,0,0,42323,55,0,0,2340516
2023-08-26,0,1021581,1132306,456,1158681,995663,186172,2024308,273830,0,0,42323,55,0,0,2340516
2023-08-27,0,1021581,1132306,456,1158681,995663,186172,2024308,273830,0,0,42323,55,0,0,2340516
2023-08-28,0,1021581,1132306,456,1158681,995663,186172,2024308,273830,0,0,42323,55,0,0,2340516
2023-08-29,0,1021581,1132306,456,1158681,995663,186172,2024308,273830,0,0,42323,55,0,0,2340516
2023-08-30,0,1021581,1132306,456,1158681,995663,186172,2024308,273830,0,0,42323,55,0,0,2340516
2023-08-31,0,1021581,1132306,456,1158681,995663,186172,2024308,273830,0,0,42323,55,0,0,2340516
2023-09-01,0,1021581,1132306,456,1158681,995663,186172,2024308,273830,0,0,42323,55,0,0,2340516
2023-09-02,0,1021581,1132306,456,1158681,995663,186172,2024308,273830,0,0,42323,55,0,0,2340516
2023-09-03,0,1021581,1132306,456,1158681,995663,186172,2024308,273830,0,0,42323,55,0,0,2340516
2023-09-04,0,1021581,1132306,456,1158681,995663,186172,2024308,273830,0,0,42323,55,0,0,2340516
2023-09-05,0,1021581,1132306,456,1158681,995663,186172,2024308,273830,0,0,42323,55,0,0,2340516
2023-09-06,0,1021581,1132306,456,1158681,995663,186172,2024308,273830,0,0,42323,55,0,0,2340516
2023-09-07,0,1021581,1132306,456,1158681,995663,186172,2024308,273830,0,0,42323,55,0,0,2340516
2023-09-08,0,1021581,1132306,456,1158681,995663,186172,2024308,273830,0,0,42323,55,0,0,2340516
2023-09-09,0,1021581,1132306,456,1158681,995663,186172,2024308,273830,0,0,42323,55,0,0,2340516
2023-09-10,0,1021581,1132306,456,1158681,995663,186172,2024308,273830,0,0,42323,55,0,0,2340516
2023-09-11,0,1021581,1132306,456,1158681,995663,186172,2024308,273830,0,0,42323,55,0,0,2340516
2023-09-12,0,1021581,1132306,456,1158681,995663,186172,2024308,273830,0,0,42323,55,0,0,2340516
2023-09-13,0,1021581,1132306,456,1158681,995663,186172,2024308,273830,0,0,42323,55,0,0,2340516
2023-09-14,0,1021581,1132306,456,1158681,995663,186172,2024308,273830,0,0,42323,55,0,0,2340516
2023-09-15,0,1021581,1132306,456,1158681,995663,186172,2024308,273830,0,0,42323,55,0,0,2340516
2023-09-16,0,1021581,1132306,456,1158681,995663,186172,2024308,273830,0,0,42323,55,0,0,2340516
2023-09-17,0,1021581,1132306,456,1158681,995663,186172,2024308,273830,0,0,42323,55,0,0,2340516
2023-09-18,0,1021581,1132306,456,1158681,995663,186172,2024308,273830,0,0,42323,55,0,0,2340516
2023-09-19,0,1021581,1132306,456,1158681,995663,186172,2024308,273830,0,0,42323,55,0,0,2340516
2023-09-20,0,1021581,1132306,456,1158681,995663,186172,2024308,273830,0,0,42323,55,0,0,2340516
2023-09-21,0,1021581,1132306,456,1158681,995663,186172,2024308,273830,0,0,42323,55,0,0,2340516
2023-09-22,0,1021581,1132306,456,1158681,995663,186172,2024308,273830,0,0,42323,55,0,0,2340516
2023-09-23,0,1021581,1132306,456,1158681,995663,186172,2024308,273830,0,0,42323,55,0,0,2340516
2023-09-24,0,1021581,1132306,456,1158681,995663,186172,2024308,273830,0,0,42323,55,0,0,2340516
2023-09-25,0,1021581,1132306,456,1158681,995663,186172,2024308,273830,0,0,42323,55,0,0,2340516
2023-09-26,0,1021581,1132306,456,1158681,995663,186172,2024308,273830,0,0,42323,55,0,0,2340516
2023-09-27,0,1021581,1132306,456,1158681,995663,186172,2024308,273830,0,0,42323,55,0,0,2340516
2023-09-28,0,1021581,1132306,456,1158681,995663,186172,2024308,273830,0,0,42323,55,0,0,2340516
2023-09-29,0,1021581,1132306,456,1158681,995663,186172,2024308,273830,0,0,42323,55,0,0,2340516
2023-09-30,0,1021581,1132306,456,1158681,995663,186172,2024308,273830,0,0,42323,55,0,0,2340516
2023-10-01,0,1021581,1132306,456,1158681,995663,186172,2024308,273830,0,0,42323,55,0,0,2340516
2023-10-02,0,1021581,1132306,456,1158681,995663,186172,2024308,273830,0,0,42323,55,0,0,2340516
2023-10-03,0,1021581,1132306,456,1158681,995663,186172,2024308,273830,0,0,42323,55,0,0,2340516
2023-10-04,0,1021581,1132306,456,1158681,995663,186172,2024308,273830,0,0,42323,55,0,0,2340516
2023-10-05,0,1021581,1132306,456,1158681,995663,186172,2024308,273830,0,0,42323,55,0,0,2340516
2023-10-06,0,1021581,1132306,456,1158681,995663,186172,2024308,273830,0,0,42323,55,0,0,2340516
2023-10-07,0,1021581,1132306,456,1158681,995663,186172,2024308,273830,0,0,42323,55,0,0,2340516
2023-10-08,0,1021581,1132306,456,1158681,995663,186172,2024308,273830,0,0,42323,55,0,0,2340516
2023-10-09,0,1021581,1132306,456,1158681,995663,186172,2024308,273830,0,0,42323,55,0,0,2340516
2023-10-10,0,1021581,1132306,456,1158681,995663,186172,2024308,273830,0,0,42323,55,0,0,2340516
2023-10-11,0,1021581,1132306,456,1158681,995663,186172,2024308,273830,0,0,42323,55,0,0,2340516
2023-10-12,0,1021581,1132306,456,1158681,995663,186172,2024308,273830,0,0,42323,55,0,0,2340516
2023-10-13,0,1021581,1132306,456,1158681,995663,186172,2024308,273830,0,0,42323,55,0,0,2340516
2023-10-14,0,1021581,1132306,456,1158681,995663,186172,2024308,273830,0,0,42323,55,0,0,2340516
2023-10-15,0,1021581,1132306,456,1158681,995663,186172,2024308,273830,0,0,42323,55,0,0,2340516
2023-10-16,0,1021581,1132306,456,1158681,995663,186172,2024308,273830,0,0,42323,55,0,0,2340516
2023-10-17,0,1021581,1132306,456,1158681,995663,186172,2024308,273830,0,0,42323,55,0,0,2340516
2023-10-18,0,1021581,1132306,456,1158681,995663,186172,2024308,273830,0,0,42323,55,0,0,2340516
2023-10-19,0,1021581,1132306,456,1158681,995663,186172,2024308,273830,0,0,42323,55,0,0,2340516
2023-10-20,0,1021581,1132306,456,1158681,995663,186172,2024308,273830,0,0,42323,55,0,0,2340516
2023-10-21,0,1021581,1132306,456,1158681,995663,186172,2024308,273830,0,0,42323,55,0,0,2340516
2023-10-22,0,1021581,1132306,456,1158681,995663,186172,2024308,273830,0,0,42323,55,0,0,2340516
2023-10-23,0,1021581,1132306,456,1158681,995663,186172,2024308,273830,0,0,42323,55,0,0,2340516
2023-10-24,0,1021581,1132306,456,1158681,995663,186172,2024308,273830,0,0,42323,55,0,0,2340516
2023-10-25,0,1021581,1132306,456,1158681,995663,186172,2024308,273830,0,0,42323,55,0,0,2340516
2023-10-26,0,1021581,1132306,456,1158681,995663,186172,2024308,273830,0,0,42323,55,0,0,2340516
2023-10-27,0,1021581,1132306,456,1158681,995663,186172,2024308,273830,0,0,42323,55,0,0,2340516
2023-10-28,0,1021581,1132306,456,1158681,995663,186172,2024308,273830,0,0,42323,55,0,0,2340516
2023-10-29,0,1021581,1132306,456,1158681,995663,186172,2024308,273830,0,0,42323,55,0,0,2340516
2023-10-30,0,1021581,1132306,456,1158681,995663,186172,2024308,273830,0,0,42323,55,0,0,2340516
2023-10-31,0,1021581,1132306,456,1158681,995663,186172,2024308,273830,0,0,42323,55,0,0,2340516
2023-11-01,0,1021581,1132306,456,1158681,995663,186172,2024308,273830,0,0,42323,55,0,0,2340516
2023-11-02,0,1021581,1132306,456,1158681,995663,186172,2024308,273830,0,0,42323,55,0,0,2340516
2023-11-03,0,1021581,1132306,456,1158681,995663,186172,2024308,273830,0,0,42323,55,0,0,2340516
2023-11-04,0,1021581,1132306,456,1158681,995663,186172,2024308,273830,0,0,42323,55,0,0,2340516
2023-11-05,0,1021581,1132306,456,1158681,995663,186172,2024308,273830,0,0,42323,55,0,0,2340516
2023-11-06,0,1021581,1132306,456,1158681,995663,186172,2024308,273830,0,0,42323,55,0,0,2340516
2023-11-07,0,1021581,1132306,456,1158681,995663,186172,2024308,273830,0,0,42323,55,0,0,2340516
2023-11-08,0,1021581,1132306,456,1158681,995663,186172,2024308,273830,0,0,42323,55,0,0,2340516
2023-11-09,0,1021581,1132306,456,1158681,995663,186172,2024308,273830,0,0,42323,55,0,0,2340516
2023-11-10,0,1021581,1132306,456,1158681,995663,186172,2024308,273830,0,0,42323,55,0,0,2340516
2023-11-11,0,1021581,1132306,456,1158681,995663,186172,2024308,273830,0,0,42323,55,0,0,2340516
2023-11-12,0,1021581,1132306,456,1158681,995663,186172,2024308,273830,0,0,42323,55,0,0,2340516
2023-11-13,0,1021581,1132306,456,1158681,995663,186172,2024308,273830,0,0,42323,55,0,0,2340516
2023-11-14,0,1021581,1132306,456,1158681,995663,186172,2024308,273830,0,0,42323,55,0,0,2340516
2023-11-15,0,1021581,1132306,456,1158681,995663,186172,2024308,273830,0,0,42323,55,0,0,2340516
2023-11-16,0,1021581,1132306,456,1158681,995663,186172,2024308,273830,0,0,42323,55,0,0,2340516
2023-11-17,0,1021581,1132306,456,1158681,995663,186172,2024308,273830,0,0,42323,55,0,0,2340516
2023-11-18,0,1021581,1132306,456,1158681,995663,186172,2024308,273830,0,0,42323,55,0,0,2340516
2023-11-19,0,1021581,1132306,456,1158681,995663,186172,2024308,273830,0,0,42323,55,0,0,2340516
2023-11-20,0,1021581,1132306,456,1158681,995663,186172,2024308,273830,0,0,42323,55,0,0,2340516
2023-11-21,0,1021581,1132306,456,1158681,995663,186172,2024308,273830,0,0,42323,55,0,0,2340516
2023-11-22,0,1021581,1132306,456,1158681,995663,186172,2024308,273830,0,0,42323,55,0,0,2340516
2023-11-23,0,1021581,1132306,456,1158681,995663,186172,2024308,273830,0,0,42323,55,0,0,2340516
2023-11-24,0,1021581,1132306,456,1158681,995663,186172,2024308,273830,0,0,42323,55,0,0,2340516
2023-11-25,0,1021581,1132306,456,1158681,995663,186172,2024308,273830,0,0,42323,55,0,0,2340516
2023-11-26,0,1021581,1132306,456,1158681,995663,186172,2024308,273830,0,0,42323,55,0,0,2340516
2023-11-27,0,1021581,1132306,456,1158681,995663,186172,2024308,273830,0,0,42323,55,0,0,2340516
2023-11-28,0,1021581,1132306,456,1158681,995663,186172,2024308,273830,0,0,42323,55,0,0,2340516
2023-11-29,0,1021581,1132306,456,1158681,995663,186172,2024308,273830,0,0,42323,55,0,0,2340516
2023-11-30,0,1021581,1132306,456,1158681,995663,186172,2024308,273830,0,0,42323,55,0,0,2340516
2023-12-01,0,1021581,1132306,456,1158681,995663,186172,2024308,273830,0,0,42323,55,0,0,2340516
2023-12-02,0,1021581,1132306,456,1158681,995663,186172,2024308,273830,0,0,42323,55,0,0,2340516
2023-12-03,0,1021581,1132306,456,1158681,995663,186172,2024308,273830,0,0,42323,55,0,0,2340516
2023-12-04,0,1021581,1132306,456,1158681,995663,186172,2024308,273830,0,0,42323,55,0,0,2340516
2023-12-05,0,1021581,1132306,456,1158681,995663,186172,2024308,273830,0,0,42323,55,0,0,2340516
2023-12-06,0,1021581,1132306,456,1158681,995663,186172,2024308,273830,0,0,42323,55,0,0,2340516
2023-12-07,0,1021581,1132306,456,1158681,995663,186172,2024308,273830,0,0,42323,55,0,0,2340516
2023-12-08,0,1021581,1132306,456,1158681,995663,186172,2024308,273830,0,0,42323,55,0,0,2340516
2023-12-09,0,1021581,1132306,456,1158681,995663,186172,2024308,273830,0,0,42323,55,0,0,2340516
2023-12-10,0,1021581,1132306,456,1158681,995663,186172,2024308,273830,0,0,42323,55,0,0,2340516
2023-12-11,0,1021581,1132306,456,1158681,995663,186172,2024308,273830,0,0,42323,55,0,0,2340516
2023-12-12,0,1021581,1132306,456,1158681,995663,186172,2024308,273830,0,0,42323,55,0,0,2340516
2023-12-13,0,1021581,1132306,456,1158681,995663,186172,2024308,273830,0,0,42323,55,0,0,2340516
2023-12-14,0,1021581,1132306,456,1158681,995663,186172,2024308,273830,0,0,42323,55,0,0,2340516
2023-12-15,0,1021581,1132306,456,1158681,995663,186172,2024308,273830,0,0,42323,55,0,0,2340516
2023-12-16,0,1021581,1132306,456,1158681,995663,186172,2024308,273830,0,0,42323,55,0,0,2340516
2023-12-17,0,1021581,1132306,456,1158681,995663,186172,2024308,273830,0,0,42323,55,0,0,2340516
2023-12-18,0,1021581,1132306,456,1158681,995663,186172,2024308,273830,0,0,42323,55,0,0,2340516
2023-12-19,0,1021581,1132306,456,1158681,995663,186172,2024308,273830,0,0,42323,55,0,0,2340516
2023-12-20,0,1021581,1132306,456,1158681,995663,186172,2024308,273830,0,0,42323,55,0,0,2340516
2023-12-21,0,1021581,1132306,456,1158681,995663,186172,2024308,273830,0,0,42323,55,0,0,2340516
2023-12-22,0,1021581,1132306,456,1158681,995663,186172,2024308,273830,0,0,42323,55,0,0,2340516
2023-12-23,0,1021581,1132306,456,1158681,995663,186172,2024308,273830,0,0,42323,55,0,0,2340516
2023-12-24,0,1021581,1132306,456,1158681,995663,186172,2024308,273830,0,0,42323,55,0,0,2340516
2023-12-25,0,1021581,1132306,456,1158681,995663,186172,2024308,273830,0,0,42323,55,0,0,2340516
2023-12-26,0,1021581,1132306,456,1158681,995663,186172,2024308,273830,0,0,42323,55,0,0,2340516
2023-12-27,0,1021581,1132306,456,1158681,995663,186172,2024308,273830,0,0,42323,55,0,0,2340516
2023-12-28,0,1021581,1132306,456,1158681,995663,186172,2024308,273830,0,0,42323,55,0,0,2340516
2023-12-29,0,1021581,1132306,456,1158681,995663,186172,2024308,273830,0,0,42323,55,0,0,2340516
2023-12-30,0,1021581,1132306,456,1158681,995663,186172,2024308,273830,0,0,42323,55,0,0,2340516
2023-12-31,0,1021581,1132306,456,1158681,995663,186172,2024308,273830,0,0,42323,55,0,0,2340516
2024-01-01,0,1021581,1132306,456,1158681,995663,186172,2024308,273830,0,0,42323,55,0,0,2340516
2024-01-02,0,1021581,1132306,456,1158681,995663,186172,2024308,273830,0,0,42323,55,0,0,2340516
2024-01-03,0,1021581,1132306,456,1158681,995663,186172,2024308,273830,0,0,42323,55,0,0,2340516
2024-01-04,0,1021581,1132306,456,1158681,995663,186172,2024308,273830,0,0,42323,55,0,0,2340516
2024-01-05,0,1021581,1132306,456,1158681,995663,186172,2024308,273830,0,0,42323,55,0,0,2340516
2024-01-06,0,1021581,1132306,456,1158681,995663,186172,2024308,273830,0,0,42323,55,0,0,2340516
2024-01-07,0,1021581,1132306,456,1158681,995663,186172,2024308,273830,0,0,42323,55,0,0,2340516
2024-01-08,0,1021581,1132306,456,1158681,995663,186172,2024308,273830,0,0,42323,55,0,0,2340516
2024-01-09,0,1021581,1132306,456,1158681,995663,186172,2024308,273830,0,0,42323,55,0,0,2340516
2024-01-10,0,1021581,1132306,456,1158681,995663,186172,2024308,273830,0,0,42323,55,0,0,2340516
2024-01-11,0,1021581,1132306,456,1158681,995663,186172,2024308,273830,0,0,42323,55,0,0,2340516
2024-01-12,0,1021581,1132306,456,1158681,995663,186172,2024308,273830,0,0,42323,55,0,0,2340516
2024-01-13,0,1021581,1132306,456,1158681,995663,186172,2024308,273830,0,0,42323,55,0,0,2340516
2024-01-14,0,1021581,1132306,456,1158681,995663,186172,2024308,273830,0,0,42323,55,0,0,2340516
2024-01-15,0,1021581,1132306,456,1158681,995663,186172,2024308,273830,0,0,42323,55,0,0,2340516
2024-01-16,0,1021581,1132306,456,1158681,995663,186172,2024308,273830,0,0,42323,55,0,0,2340516
2024-01-17,0,1021581,1132306,456,1158681,995663,186172,2024308,273830,0,0,42323,55,0,0,2340516
2024-01-18,0,1021581,1132306,456,1158681,995663,186172,2024308,273830,0,0,42323,55,0,0,2340516
2024-01-19,0,1021581,1132306,456,1158681,995663,186172,2024308,273830,0,0,42323,55,0,0,2340516
2024-01-20,0,1021581,1132306,456,1158681,995663,186172,2024308,273830,0,0,42323,55,0,0,2340516
2024-01-21,0,1021581,1132306,456,1158681,995663,186172,2024308,273830,0,0,42323,55,0,0,2340516
2024-01-22,0,1021581,1132306,456,1158681,995663,186172,2024308,273830,0,0,42323,55,0,0,2340516
2024-01-23,0,1021581,1132306,456,1158681,995663,186172,2024308,273830,0,0,42323,55,0,0,2340516
2024-01-24,0,1021581,1132306,456,1158681,995663,186172,2024308,273830,0,0,42323,55,0,0,2340516
2024-01-25,0,1021581,1132306,456,1158681,995663,186172,2024308,273830,0,0,42323,55,0,0,2340516
2024-01-26,0,1021581,1132306,456,1158681,995663,186172,2024308,273830,0,0,42323,55,0,0,2340516
2024-01-27,0,1021581,1132306,456,1158681,995663,186172,2024308,273830,0,0,42323,55,0,0,2340516
2024-01-28,0,1021581,1132306,456,1158681,995663,186172,2024308,273830,0,0,42323,55,0,0,2340516
2024-01-29,0,1021581,1132306,456,1158681,995663,186172,2024308,273830,0,0,42323,55,0,0,2340516
2024-01-30,0,1021581,1132306,456,1158681,995663,186172,2024308,273830,0,0,42323,55,0,0,2340516
2024-01-31,0,1021581,1132306,456,1158681,995663,186172,2024308,273830,0,0,42323,55,0,0,2340516
2024-02-01,0,1021581,1132306,456,1158681,995663,186172,2024308,273830,0,0,42323,55,0,0,2340516
